Time,Velocity
0,4
0.1,4.11428571428571
0.2,4.22857142857143
0.3,4.34285714285714
0.4,4.45714285714286
0.5,4.57142857142857
0.6,4.68571428571428
0.7,4.8
0.8,4.91428571428571
0.9,5.02857142857142
1,5.14285714285714
1.1,5.25714285714285
1.2,5.37142857142857
1.3,5.48571428571428
1.4,5.59999999999999
1.5,5.71428571428571
1.6,5.82857142857142
1.7,5.94285714285714
1.8,6.05714285714285
1.9,6.17142857142856
2,6.28571428571428
2.1,6.39999999999999
2.2,6.51428571428571
2.3,6.62857142857142
2.4,6.74285714285713
2.5,6.85714285714285
2.6,6.97142857142856
2.7,7.08571428571427
2.8,7.1663594470046
2.9,7.24609708445557
3,7.32495727150087
3.1,7.40296845303387
3.2,7.48015756643532
3.3,7.55655015126437
3.4,7.63217044888563
3.5,7.7070414931391
3.6,7.78118519301892
3.7,7.85462240820578
3.8,7.92737301819457
3.9,7.99945598566905
4,8.07088941469875
4.1,8.14169060426627
4.2,8.21187609757514
4.3,8.28146172753822
4.4,8.35046265880238
4.5,8.41889342662651
4.6,8.4867679728966
4.7,8.55409967953139
4.8,8.62090139950619
4.9,8.68718548569946
5,8.75296381774604
5.1,8.81824782706298
5.2,8.88304852019783
5.3,8.94737650063487
5.4,9.01124198918205
5.5,9.07465484304998
5.6,9.13762457372422
5.7,9.20016036372283
5.8,9.26227108232311
5.9,9.32396530033397
5.99999999999999,9.38525130398395
6.09999999999999,9.44613710798859
6.19999999999999,9.5066304678558
6.29999999999999,9.56673889148294
6.39999999999999,9.62646965009466
6.49999999999999,9.68582978856692
6.59999999999999,9.74482613517865
6.69999999999999,9.80346531082959
6.79999999999999,9.86175373775933
6.89999999999999,9.91969764780047
6.99999999999999,9.97730309019571
7.09999999999999,10.0345759390069
7.19999999999999,10.0915219001419
7.29999999999999,10.1481465180224
7.39999999999999,10.2044551819163
7.49999999999999,10.2604531319529
7.59999999999999,10.3161454648431
7.69999999999999,10.3715371393184
7.79999999999999,10.4266329813091
7.89999999999999,10.4814376888742
7.99999999999999,10.5359558368984
8.09999999999999,10.59019188157
8.19999999999999,10.6441501646511
8.29999999999999,10.6978349175519
8.39999999999999,10.7512502652211
8.49999999999999,10.8044002298607
8.59999999999999,10.8572887344766
8.69999999999999,10.9099196062719
8.79999999999998,10.9622965798932
8.89999999999998,11.0144233005365
8.99999999999998,11.0663033269198
9.09999999999998,11.1179401341306
9.19999999999998,11.1693371163534
9.29999999999998,11.2204975894841
9.39999999999998,11.2714247936363
9.49999999999998,11.3221218955458
9.59999999999998,11.3725919908778
9.69999999999998,11.4228381064411
9.79999999999998,11.4728632023152
9.89999999999998,11.5226701738925
9.99999999999998,11.5722618538422
10.1,11.6216410139965
10.2,11.6708103671662
10.3,11.7197725688858
10.4,11.7685302190936
10.5,11.8170858637484
10.6,11.865441996387
10.7,11.9136010596231
10.8,11.961565446593
10.9,12.0093375023477
11,12.056919525196
11.1,12.1043137679986
11.2,12.1515224394178
11.3,12.1985477051223
11.4,12.2453916889507
11.5,12.2920564740343
11.6,12.3385441038817
11.7,12.3848565834269
11.8,12.4309958800412
11.9,12.4769639245119
12,12.5227626119879
12.1,12.5683938028948
12.2,12.6138593238189
12.3,12.6591609683639
12.4,12.7043004979786
12.5,12.7492796427587
12.6,12.7941001022231
12.7,12.8387635460655
12.8,12.8832716148821
12.9,12.9276259208775
13,12.9718280485478
13.1,13.0158795553431
13.2,13.05978197231
13.3,13.1035368047138
13.4,13.1471455326431
13.5,13.1906096115954
13.6,13.2339304730457
13.7,13.277109524998
13.8,13.320148152521
13.9,13.3630477182679
14,13.4058095629815
14.1,13.448435005984
14.2,13.4909253456535
14.3,13.5332818598872
14.4,13.5755058065503
14.5,13.6175984239136
14.6,13.6595609310783
14.7,13.7013945283887
14.8,13.7431003978347
14.9,13.7846797034416
15,13.826133591651
15.1,13.86746319169
15.2,13.9086696159314
15.3,13.9497539602438
15.4,13.9907173043327
15.5,14.0315607120722
15.6,14.0722852318283
15.7,14.112891896774
15.8,14.1533817251953
15.9,14.1937557207904
16,14.2340148729605
16.1,14.2741601570935
16.2,14.3141925348404
16.3,14.3541129543847
16.4,14.393922350705
16.5,14.4336216458315
16.6,14.4732117490953
16.7,14.5126935573722
16.8,14.5520679553204
16.9,14.5913358156124
17,14.6304979991609
17.1,14.6695553553398
17.2,14.7085087221997
17.3,14.7473589266781
17.4,14.7861067848044
17.5,14.8247531019009
17.6,14.8632986727782
17.7,14.9017442819266
17.8,14.9400907037023
17.9,14.9783387025104
18,15.0164890329828
18.1,15.0545424401523
18.2,15.0924996596228
18.3,15.1303614177355
18.4,15.1681284317315
18.5,15.2058014099108
18.6,15.2433810517872
18.7,15.2808680482408
18.8,15.3182630816659
18.9,15.3555668261167
19,15.3927799474491
19.1,15.4299031034599
19.2,15.4669369440224
19.3,15.5038821112198
19.4,15.5407392394751
19.5,15.5775089556786
19.6,15.6141918793126
19.7,15.6507886225732
19.8,15.6872997904899
19.9,15.7237259810428
20,15.7600677852766
20.1,15.796325787413
20.2,15.8325005649606
20.3,15.8685926888221
20.4,15.9046027234001
20.5,15.9405312266999
20.6,15.9763787504305
20.7,16.0121458401043
20.8,16.0478330351333
20.9,16.0834408689248
21,16.1189698689743
21.1,16.154420556957
21.2,16.1897934488174
21.3,16.2250890548568
21.4,16.2603078798196
21.5,16.2954504229776
21.6,16.3305171782127
21.7,16.3655086340982
21.8,16.4004252739781
21.9,16.4352675760455
22,16.4700360134186
22.1,16.5047310542165
22.2,16.5393531616323
22.3,16.5739027940058
22.4,16.6083804048938
22.5000000000001,16.6427864431407
22.6000000000001,16.6771213529456
22.7000000000001,16.7113855739305
22.8000000000001,16.7455795412051
22.9000000000001,16.7797036854321
23.0000000000001,16.8137584328902
23.1000000000001,16.8477442055364
23.2000000000001,16.8816614210673
23.3000000000001,16.9155104929788
23.4000000000001,16.9492918306255
23.5000000000001,16.9830058392778
23.6000000000001,17.0166529201795
23.7000000000001,17.0502334706032
23.8000000000001,17.0837478839052
23.9000000000001,17.1171965495792
24.0000000000001,17.1505798533097
24.1000000000001,17.1838981770233
24.2000000000001,17.2171518989403
24.3000000000001,17.2503413936246
24.4000000000001,17.2834670320331
24.5000000000001,17.3165291815642
24.6000000000001,17.3495282061052
24.7000000000001,17.3824644660796
24.8000000000001,17.4153383184924
24.9000000000001,17.4481501169759
25.0000000000001,17.4809002118339
25.1000000000001,17.5135889500856
25.2000000000001,17.5462166755083
25.3000000000001,17.5787837286797
25.4000000000001,17.6112904470197
25.5000000000001,17.6437371648311
25.6000000000001,17.6761242133396
25.7000000000001,17.7084519207336
25.8000000000001,17.7407206122029
25.9000000000001,17.7729306099769
26.0000000000001,17.8050822333624
26.1000000000001,17.8371757987803
26.2000000000001,17.8692116198024
26.3000000000001,17.9011900071866
26.4000000000001,17.9331112689127
26.5000000000001,17.9649757102169
26.6000000000001,17.9967836336255
26.7000000000001,18.0285353389892
26.8000000000001,18.0602311235154
26.9000000000001,18.0918712818014
27.0000000000001,18.1234561058656
27.1000000000001,18.1549858851798
27.2000000000001,18.1864609066996
27.3000000000001,18.2178814548954
27.4000000000001,18.2492478117818
27.5000000000001,18.2805602569479
27.6000000000001,18.3118190675859
27.7000000000001,18.34302451852
27.8000000000001,18.3741768822347
27.9000000000001,18.4052764289024
28.0000000000001,18.4363234264107
28.1000000000001,18.4673181403898
28.2000000000001,18.4982608342388
28.3000000000001,18.5291517691515
28.4000000000001,18.5599912041427
28.5000000000001,18.5907793960736
28.6000000000001,18.6215165996762
28.7000000000001,18.6522030675786
28.8000000000001,18.6828390503286
28.9000000000001,18.7134247964183
29.0000000000001,18.7439605523072
29.1000000000001,18.7744465624455
29.2000000000001,18.8048830692968
29.3000000000001,18.8352703133612
29.4000000000001,18.8656085331967
29.5000000000001,18.8958979654418
29.6000000000002,18.9261388448366
29.7000000000002,18.9563314042442
29.8000000000002,18.9864758746716
29.9000000000002,19.0165724852907
30.0000000000002,19.0466214634581
30.1000000000002,19.0766230347354
30.2000000000002,19.1065774229093
30.3000000000002,19.1364848500104
30.4000000000002,19.1663455363333
30.5000000000002,19.1961597004548
30.6000000000002,19.2259275592528
30.7000000000002,19.2556493279252
30.8000000000002,19.2853252200075
30.9000000000002,19.3149554473907
31.0000000000002,19.3445402203396
31.1000000000002,19.3740797475095
31.2000000000002,19.403574235964
31.3000000000002,19.4330238911914
31.4000000000002,19.4624289171219
31.5000000000002,19.4917895161438
31.6000000000002,19.52110588912
31.7000000000002,19.5503782354038
31.8000000000002,19.5796067528548
31.9000000000002,19.6087916378549
32.0000000000002,19.6379330853231
32.1000000000002,19.667031288731
32.2000000000002,19.6960864401181
32.3000000000002,19.7250987301061
32.4000000000002,19.7540683479137
32.5000000000002,19.7829954813712
32.6000000000002,19.8118803169345
32.7000000000002,19.8407230396991
32.8000000000002,19.8695238334144
32.9000000000002,19.8982828804968
33.0000000000002,19.9270003620433
33.1000000000002,19.9556764578453
33.2000000000002,19.9843113464012
33.3000000000002,20.0129052049297
33.4000000000002,20.0414582093825
33.5000000000002,20.0699705344568
33.6000000000002,20.098442353608
33.7000000000002,20.1268738390622
33.8000000000002,20.1552651618279
33.9000000000002,20.1836164917082
34.0000000000002,20.211927997313
34.1000000000002,20.24019984607
34.2000000000002,20.2684322042371
34.3000000000002,20.2966252369133
34.4000000000002,20.3247791080499
34.5000000000002,20.3528939804621
34.6000000000002,20.3809700158395
34.7000000000002,20.4090073747574
34.8000000000002,20.4370062166872
34.9000000000002,20.464966700007
35.0000000000002,20.4928889820124
35.1000000000002,20.5207732189265
35.2000000000002,20.5486195659102
35.3000000000002,20.5764281770724
35.4000000000002,20.6041992054798
35.5000000000002,20.6319328031669
35.6000000000002,20.6596291211454
35.7000000000002,20.6872883094144
35.8000000000002,20.7149105169692
35.9000000000002,20.7424958918111
36.0000000000002,20.7700445809568
36.1000000000002,20.7975567304469
36.2000000000002,20.8250324853558
36.3000000000002,20.8524719897998
36.4000000000002,20.8798753869466
36.5000000000002,20.9072428190236
36.6000000000003,20.9345744273267
36.7000000000003,20.961870352229
36.8000000000003,20.9891307331886
36.9000000000003,21.0163557087578
37.0000000000003,21.0435454165904
37.1000000000003,21.0706999934508
37.2000000000003,21.097819575221
37.3000000000003,21.1249042969095
37.4000000000003,21.1519542926584
37.5000000000003,21.1789696957518
37.6000000000003,21.2059506386229
37.7000000000003,21.2328972528618
37.8000000000003,21.2598096692232
37.9000000000003,21.2866880176336
38.0000000000003,21.3135324271987
38.1000000000003,21.3403430262104
38.2000000000003,21.3671199421544
38.3000000000003,21.3938633017169
38.4000000000003,21.4205732307918
38.5000000000003,21.4472498544878
38.6000000000003,21.4738932971345
38.7000000000003,21.5005036822902
38.8000000000003,21.5270811327477
38.9000000000003,21.5536257705416
39.0000000000003,21.5801377169544
39.1000000000003,21.6066170925229
39.2000000000003,21.6330640170452
39.3000000000003,21.6594786095865
39.4000000000003,21.6858609884853
39.5000000000003,21.71221127136
39.6000000000003,21.7385295751148
39.7000000000003,21.7648160159458
39.8000000000003,21.7910707093468
39.9000000000003,21.8172937701156
40.0000000000003,21.8434853123596
40.1000000000003,21.8696454495015
40.2000000000003,21.8957742942854
40.3000000000003,21.9218719587821
40.4000000000003,21.9479385543951
40.5000000000003,21.9739741918656
40.6000000000003,21.9999789812788
40.7000000000003,22.0259530320683
40.8000000000003,22.0518964530225
40.9000000000003,22.0778093522893
41.0000000000003,22.1036918373815
41.1000000000003,22.129544015182
41.2000000000003,22.1553659919492
41.3000000000003,22.1811578733217
41.4000000000003,22.2069197643236
41.5000000000003,22.2326517693695
41.6000000000003,22.2583539922692
41.7000000000003,22.284026536233
41.8000000000003,22.3096695038762
41.9000000000003,22.335282997224
42.0000000000003,22.3608671177162
42.1000000000003,22.386421966212
42.2000000000003,22.4119476429946
42.3000000000003,22.4374442477757
42.4000000000003,22.4629118797002
42.5000000000003,22.4883506373506
42.6000000000003,22.5137606187513
42.7000000000003,22.5391419213735
42.8000000000003,22.5644946421391
42.9000000000003,22.5898188774252
43.0000000000003,22.6151147230683
43.1000000000003,22.6403822743686
43.2000000000003,22.6656216260944
43.3000000000003,22.6908328724857
43.4000000000003,22.716016107259
43.5000000000003,22.7411714236107
43.6000000000004,22.7662989142216
43.7000000000004,22.7913986712608
43.8000000000004,22.8164707863895
43.9000000000004,22.8415153507648
44.0000000000004,22.8665324550442
44.1000000000004,22.8915221893886
44.2000000000004,22.9164846434666
44.3000000000004,22.9414199064582
44.4000000000004,22.9663280670585
44.5000000000004,22.9912092134812
44.6000000000004,23.0160634334625
44.7000000000004,23.0408908142647
44.8000000000004,23.0656914426794
44.9000000000004,23.0904654050316
45.0000000000004,23.1152127871828
45.1000000000004,23.1399336745348
45.2000000000004,23.1646281520327
45.3000000000004,23.1892963041687
45.4000000000004,23.2139382149854
45.5000000000004,23.2385539680789
45.6000000000004,23.2631436466025
45.7000000000004,23.2877073332697
45.8000000000004,23.3122451103574
45.9000000000004,23.3367570597095
46.0000000000004,23.3612432627397
46.1000000000004,23.3857038004346
46.2000000000004,23.4101387533573
46.3000000000004,23.4345482016502
46.4000000000004,23.4589322250378
46.5000000000004,23.4832909028305
46.6000000000004,23.5076243139266
46.7000000000004,23.5319325368162
46.8000000000004,23.5562156495837
46.9000000000004,23.5804737299107
47.0000000000004,23.6047068550792
47.1000000000004,23.6289151019741
47.2000000000004,23.6530985470862
47.3000000000004,23.6772572665154
47.4000000000004,23.7013913359727
47.5000000000004,23.7255008307837
47.6000000000004,23.749585825891
47.7000000000004,23.7736463958571
47.8000000000004,23.7976826148667
47.9000000000004,23.82169455673
48.0000000000004,23.8456822948847
48.1000000000004,23.8696459023991
48.2000000000004,23.8935854519746
48.3000000000004,23.9175010159479
48.4000000000004,23.9413926662941
48.5000000000004,23.965260474629
48.6000000000004,23.9891045122113
48.7000000000004,24.0129248499458
48.8000000000004,24.0367215583851
48.9000000000004,24.0604947077325
49.0000000000004,24.0842443678442
49.1000000000004,24.1079706082319
49.2000000000004,24.1316734980651
49.3000000000004,24.1553531061733
49.4000000000004,24.1790095010485
49.5000000000004,24.2026427508474
49.6000000000004,24.2262529233939
49.7000000000004,24.2498400861811
49.8000000000004,24.2734043063738
49.9000000000004,24.2969456508105
50.0000000000004,24.3204641860059
50.1000000000004,24.3439599781527
50.2000000000004,24.3674330931242
50.3000000000004,24.3908835964761
50.4000000000004,24.414311553449
50.5000000000004,24.4377170289701
50.6000000000004,24.4611000876556
50.7000000000005,24.4844607938128
50.8000000000005,24.5077992114419
50.9000000000005,24.5311154042382
51.0000000000005,24.5544094355944
51.1000000000005,24.5776813686021
51.2000000000005,24.6009312660541
51.3000000000005,24.6241591904464
51.4000000000005,24.6473652039801
51.5000000000005,24.6705493685632
51.6000000000005,24.6937117458128
51.7000000000005,24.7168523970567
51.8000000000005,24.7399713833358
51.9000000000005,24.7630687654052
52.0000000000005,24.786144603737
52.1000000000005,24.8091989585212
52.2000000000005,24.8322318896684
52.3000000000005,24.855243456811
52.4000000000005,24.8782337193051
52.5000000000005,24.9012027362328
52.6000000000005,24.9241505664031
52.7000000000005,24.9470772683546
52.8000000000005,24.9699829003563
52.9000000000005,24.9928675204103
53.0000000000005,25.0157311862526
53.1000000000005,25.0385739553556
53.2000000000005,25.061395884929
53.3000000000005,25.0841970319223
53.4000000000005,25.1069774530257
53.5000000000005,25.1297372046723
53.6000000000005,25.1524763430395
53.7000000000005,25.1751949240506
53.8000000000005,25.1978930033764
53.9000000000005,25.2205706364369
54.0000000000005,25.2432278784029
54.1000000000005,25.2658647841972
54.2000000000005,25.2884814084968
54.3000000000005,25.3110778057339
54.4000000000005,25.3336540300975
54.5000000000005,25.3562101355354
54.6000000000005,25.3787461757549
54.7000000000005,25.401262204225
54.8000000000005,25.4237582741775
54.9000000000005,25.4462344386087
55.0000000000005,25.4686907502805
55.1000000000005,25.4911272617224
55.2000000000005,25.5135440252324
55.3000000000005,25.5359410928786
55.4000000000005,25.5583185165009
55.5000000000005,25.5806763477119
55.6000000000005,25.6030146378986
55.7000000000005,25.6253334382239
55.8000000000005,25.6476327996276
55.9000000000005,25.669912772828
56.0000000000005,25.6921734083231
56.1000000000005,25.7144147563923
56.2000000000005,25.7366368670972
56.3000000000005,25.7588397902833
56.4000000000005,25.7810235755811
56.5000000000005,25.8031882724076
56.6000000000005,25.8253339299673
56.7000000000005,25.8474605972537
56.8000000000005,25.8695683230505
56.9000000000005,25.8916571559329
57.0000000000005,25.9137271442688
57.1000000000005,25.93577833622
57.2000000000005,25.9578107797434
57.3000000000005,25.9798245225924
57.4000000000005,26.001819612318
57.5000000000005,26.0237960962698
57.6000000000005,26.0457540215977
57.7000000000006,26.0676934352524
57.8000000000006,26.0896143839872
57.9000000000006,26.1115169143588
58.0000000000006,26.1334010727285
58.1000000000006,26.1552669052636
58.2000000000006,26.1771144579381
58.3000000000006,26.1989437765342
58.4000000000006,26.2207549066432
58.5000000000006,26.2425478936668
58.6000000000006,26.2643227828179
58.7000000000006,26.2860796191222
58.8000000000006,26.3078184474187
58.9000000000006,26.3295393123612
59.0000000000006,26.3512422584193
59.1000000000006,26.3729273298791
59.2000000000006,26.3945945708448
59.3000000000006,26.4162440252395
59.4000000000006,26.4378757368062
59.5000000000006,26.4594897491088
59.6000000000006,26.4810861055331
59.7000000000006,26.5026648492882
59.8000000000006,26.5242260234071
59.9000000000006,26.5457696707476
60.0000000000006,26.5672958339938
60.1000000000006,26.5888045556567
60.2000000000006,26.6102958780752
60.3000000000006,26.6317698434173
60.4000000000006,26.6532264936808
60.5000000000006,26.6746658706944
60.6000000000006,26.6960880161188
60.7000000000006,26.7174929714472
60.8000000000006,26.7388807780068
60.9000000000006,26.7602514769591
61.0000000000006,26.7816051093014
61.1000000000006,26.8029417158677
61.2000000000006,26.8242613373288
61.3000000000006,26.8455640141945
61.4000000000006,26.8668497868132
61.5000000000006,26.8881186953739
61.6000000000006,26.9093707799062
61.7000000000006,26.9306060802817
61.8000000000006,26.9518246362149
61.9000000000006,26.9730264872636
62.0000000000006,26.9942116728304
62.1000000000006,27.0153802321628
62.2000000000006,27.0365322043549
62.3000000000006,27.0576676283475
62.4000000000006,27.0787865429294
62.5000000000006,27.099888986738
62.6000000000006,27.1209749982603
62.7000000000006,27.1420446158337
62.8000000000006,27.1630978776463
62.9000000000006,27.1841348217387
63.0000000000006,27.205155486004
63.1000000000006,27.2261599081887
63.2000000000006,27.2471481258938
63.3000000000006,27.2681201765756
63.4000000000006,27.2890760975458
63.5000000000006,27.3100159259734
63.6000000000006,27.3309396988843
63.7000000000006,27.3518474531629
63.8000000000006,27.3727392255526
63.9000000000006,27.3936150526564
64.0000000000006,27.4144749709377
64.1000000000006,27.4353190167213
64.2000000000006,27.4561472261939
64.3000000000006,27.4769596354049
64.4000000000006,27.4977562802671
64.5000000000006,27.5185371965573
64.6000000000006,27.5393024199173
64.7000000000006,27.5600519858546
64.8000000000006,27.5807859297427
64.9000000000006,27.6015042868223
65.0000000000006,27.6222070922017
65.1000000000006,27.6428943808576
65.2000000000006,27.6635661876357
65.3000000000006,27.6842225472515
65.4000000000006,27.7048634942911
65.5000000000006,27.7254890632114
65.6000000000005,27.7460992883412
65.7000000000005,27.766694203882
65.8000000000005,27.787273843908
65.9000000000005,27.8078382423675
66.0000000000005,27.828387433083
66.1000000000005,27.8489214497522
66.2000000000005,27.8694403259485
66.3000000000005,27.8899440951217
66.4000000000005,27.9104327905984
66.5000000000005,27.9309064455832
66.6000000000005,27.9513650931584
66.7000000000005,27.9718087662858
66.8000000000005,27.9922374978063
66.9000000000005,28.012651320441
67.0000000000005,28.0330502667918
67.1000000000005,28.0534343693418
67.2000000000005,28.0738036604562
67.3000000000005,28.0941581723827
67.4000000000004,28.1144979372521
67.5000000000004,28.1348229870788
67.6000000000004,28.1551333537618
67.7000000000004,28.1754290690848
67.8000000000004,28.195710164717
67.9000000000004,28.2159766722137
68.0000000000004,28.2362286230169
68.1000000000004,28.2564660484556
68.2000000000004,28.2766889797467
68.3000000000004,28.2968974479955
68.4000000000004,28.3170914841961
68.5000000000004,28.337271119232
68.6000000000004,28.3574363838767
68.7000000000004,28.3775873087943
68.8000000000004,28.3977239245401
68.9000000000004,28.4178462615607
69.0000000000004,28.4379543501952
69.1000000000004,28.4580482206752
69.2000000000003,28.4781279031256
69.3000000000003,28.498193427565
69.4000000000003,28.5182448239063
69.5000000000003,28.5382821219573
69.6000000000003,28.5583053514211
69.7000000000003,28.5783145418964
69.8000000000003,28.5983097228785
69.9000000000003,28.6182909237594
70.0000000000003,28.6382581738287
70.1000000000003,28.6582115022734
70.2000000000003,28.6781509381794
70.3000000000003,28.698076510531
70.4000000000003,28.717988248212
70.5000000000003,28.7378861800062
70.6000000000003,28.7577703345974
70.7000000000003,28.7776407405705
70.8000000000003,28.7974974264114
70.9000000000002,28.817340420508
71.0000000000002,28.8371697511502
71.1000000000002,28.8569854465309
71.2000000000002,28.8767875347458
71.3000000000002,28.8965760437945
71.4000000000002,28.9163510015806
71.5000000000002,28.9361124359122
71.6000000000002,28.9558603745026
71.7000000000002,28.9755948449703
71.8000000000002,28.99531587484
71.9000000000002,29.0150234915425
72.0000000000002,29.0347177224155
72.1000000000002,29.054398594704
72.2000000000002,29.0740661355607
72.3000000000002,29.0937203720464
72.4000000000002,29.1133613311304
72.5000000000002,29.1329890396911
72.6000000000002,29.1526035245162
72.7000000000001,29.1722048123033
72.8000000000001,29.1917929296604
72.9000000000001,29.211367903106
73.0000000000001,29.2309297590699
73.1000000000001,29.2504785238933
73.2000000000001,29.2700142238293
73.3000000000001,29.2895368850436
73.4000000000001,29.3090465336144
73.5000000000001,29.3285431955332
73.6000000000001,29.3480268967051
73.7000000000001,29.3674976629491
73.8000000000001,29.3869555199986
73.9000000000001,29.4064004935019
74.0000000000001,29.4258326090223
74.1000000000001,29.4452518920387
74.2000000000001,29.4646583679461
74.3000000000001,29.4840520620556
74.4,29.5034329995952
74.5,29.5228012057099
74.6,29.5421567054623
74.7,29.5614995238329
74.8,29.5808296857203
74.9,29.6001472159417
75,29.6194521392334
75.1,29.6387444802512
75.2,29.6580242635703
75.3,29.6772915136861
75.4,29.6965462550147
75.5,29.7157885118927
75.6,29.735018308578
75.7,29.7542356692502
75.8,29.7734406180104
75.9,29.7926331788824
76,29.8118133758122
76.1,29.830981232669
76.1999999999999,29.8501367732451
76.2999999999999,29.8692800212567
76.3999999999999,29.8884110003436
76.4999999999999,29.9075297340703
76.5999999999999,29.9266362459256
76.6999999999999,29.9457305593237
76.7999999999999,29.9648126976036
76.8999999999999,29.9838826840306
76.9999999999999,30.0029405417954
77.0999999999999,30.0219862940153
77.1999999999999,30.0410199637343
77.2999999999999,30.0600415739232
77.3999999999999,30.0790511474803
77.4999999999999,30.0980487072314
77.5999999999999,30.1170342759301
77.6999999999999,30.1360078762585
77.7999999999999,30.1549695308272
77.8999999999998,30.1739192621756
77.9999999999998,30.1928570927724
78.0999999999998,30.2117830450157
78.1999999999998,30.2306971412337
78.2999999999998,30.2495994036843
78.3999999999998,30.2684898545561
78.4999999999998,30.2873685159685
78.5999999999998,30.3062354099718
78.6999999999998,30.3250905585476
78.7999999999998,30.3439339836093
78.8999999999998,30.3627657070021
78.9999999999998,30.3815857505035
79.0999999999998,30.4003941358235
79.1999999999998,30.419190884605
79.2999999999998,30.4379760184238
79.3999999999998,30.4567495587894
79.4999999999998,30.4755115271447
79.5999999999998,30.4942619448668
79.6999999999997,30.5130008332669
79.7999999999997,30.5317282135909
79.8999999999997,30.5504441070192
79.9999999999997,30.5691485346677
80.0999999999997,30.5878415175874
80.1999999999997,30.6065230767651
80.2999999999997,30.6251932331234
80.3999999999997,30.6438520075213
80.4999999999997,30.6624994207541
80.5999999999997,30.6811354935539
80.6999999999997,30.6997602465898
80.7999999999997,30.7183737004682
80.8999999999997,30.7369758757331
80.9999999999997,30.7555667928662
81.0999999999997,30.7741464722874
81.1999999999997,30.7927149343549
81.2999999999997,30.8112721993653
81.3999999999997,30.8298182875545
81.4999999999996,30.848353219097
81.5999999999996,30.8668770141071
81.6999999999996,30.8853896926384
81.7999999999996,30.9038912746846
81.8999999999996,30.9223817801795
81.9999999999996,30.9408612289973
82.0999999999996,30.9593296409525
82.1999999999996,30.9777870358011
82.2999999999996,30.9962334332396
82.3999999999996,31.0146688529063
82.4999999999996,31.0330933143809
82.5999999999996,31.0515068371851
82.6999999999996,31.0699094407826
82.7999999999996,31.0883011445794
82.8999999999996,31.1066819679242
82.9999999999996,31.1250519301084
83.0999999999996,31.1434110503667
83.1999999999995,31.1617593478767
83.2999999999995,31.1800968417598
83.3999999999995,31.1984235510811
83.4999999999995,31.2167394948496
83.5999999999995,31.2350446920187
83.6999999999995,31.253339161486
83.7999999999995,31.271622922094
83.8999999999995,31.2898959926299
83.9999999999995,31.3081583918262
84.0999999999995,31.3264101383607
84.1999999999995,31.3446512508566
84.2999999999995,31.3628817478832
84.3999999999995,31.3811016479556
84.4999999999995,31.3993109695352
84.5999999999995,31.4175097310298
84.6999999999995,31.4356979507939
84.7999999999995,31.4538756471289
84.8999999999995,31.4720428382833
84.9999999999994,31.4901995424529
85.0999999999994,31.5083457777811
85.1999999999994,31.5264815623589
85.2999999999994,31.5446069142253
85.3999999999994,31.5627218513676
85.4999999999994,31.5808263917212
85.5999999999994,31.5989205531703
85.6999999999994,31.6170043535479
85.7999999999994,31.6350778106357
85.8999999999994,31.6531409421648
85.9999999999994,31.6711937658158
86.0999999999994,31.6892362992187
86.1999999999994,31.7072685599533
86.2999999999994,31.7252905655495
86.3999999999994,31.7433023334874
86.4999999999994,31.7613038811974
86.5999999999994,31.7792952260605
86.6999999999993,31.7972763854085
86.7999999999993,31.8152473765243
86.8999999999993,31.8332082166418
86.9999999999993,31.8511589229464
87.0999999999993,31.8690995125749
87.1999999999993,31.887030002616
87.2999999999993,31.9049504101102
87.3999999999993,31.9228607520504
87.4999999999993,31.9407610453814
87.5999999999993,31.958651307001
87.6999999999993,31.9765315537592
87.7999999999993,31.9944018024591
87.8999999999993,32.0122620698571
87.9999999999993,32.0301123726623
88.0999999999993,32.0479527275378
88.1999999999993,32.0657831510998
88.2999999999993,32.0836036599187
88.3999999999993,32.1014142705186
88.4999999999992,32.1192149993779
88.5999999999992,32.1370058629292
88.6999999999992,32.1547868775597
88.7999999999992,32.1725580596112
88.8999999999992,32.1903194253804
88.9999999999992,32.2080709911191
89.0999999999992,32.2258127730341
89.1999999999992,32.2435447872878
89.2999999999992,32.261267049998
89.3999999999992,32.2789795772383
89.4999999999992,32.2966823850381
89.5999999999992,32.3143754893829
89.6999999999992,32.3320589062144
89.7999999999992,32.3497326514307
89.8999999999992,32.3673967408866
89.9999999999992,32.3850511903934
90.0999999999992,32.4026960157194
90.1999999999992,32.42033123259
90.2999999999991,32.4379568566877
90.3999999999991,32.4555729036525
90.4999999999991,32.4731793890818
90.5999999999991,32.4907763285309
90.6999999999991,32.5083637375127
90.7999999999991,32.5259416314985
90.8999999999991,32.5435100259174
90.9999999999991,32.5610689361571
91.0999999999991,32.5786183775636
91.1999999999991,32.5961583654417
91.2999999999991,32.613688915055
91.3999999999991,32.631210041626
91.4999999999991,32.6487217603364
91.5999999999991,32.6662240863271
91.6999999999991,32.6837170346984
91.7999999999991,32.7012006205103
91.8999999999991,32.7186748587825
91.999999999999,32.7361397644945
92.099999999999,32.7535953525858
92.199999999999,32.7710416379562
92.299999999999,32.7884786354658
92.399999999999,32.8059063599352
92.499999999999,32.8233248261455
92.599999999999,32.8407340488386
92.699999999999,32.8581340427175
92.799999999999,32.8755248224461
92.899999999999,32.8929064026495
92.999999999999,32.9102787979141
93.099999999999,32.9276420227879
93.199999999999,32.9449960917805
93.299999999999,32.9623410193634
93.399999999999,32.9796768199697
93.499999999999,32.9970035079948
93.599999999999,33.0143210977962
93.699999999999,33.0316296036939
93.7999999999989,33.0489290399701
93.8999999999989,33.0662194208698
93.9999999999989,33.0835007606007
94.0999999999989,33.1007730733334
94.1999999999989,33.1180363732014
94.2999999999989,33.1352906743016
94.3999999999989,33.1525359906938
94.4999999999989,33.1697723364017
94.5999999999989,33.1869997254122
94.6999999999989,33.204218171676
94.7999999999989,33.2214276891076
94.8999999999989,33.2386282915855
94.9999999999989,33.2558199929522
95.0999999999989,33.2730028070145
95.1999999999989,33.2901767475435
95.2999999999989,33.3073418282748
95.3999999999989,33.3244980629084
95.4999999999988,33.3416454651093
95.5999999999988,33.3587840485073
95.6999999999988,33.375913826697
95.7999999999988,33.3930348132382
95.8999999999988,33.4101470216561
95.9999999999988,33.4272504654409
96.0999999999988,33.4443451580486
96.1999999999988,33.4614311129007
96.2999999999988,33.4785083433844
96.3999999999988,33.4955768628527
96.4999999999988,33.5126366846247
96.5999999999988,33.5296878219853
96.6999999999988,33.5467302881861
96.7999999999988,33.5637640964446
96.8999999999988,33.580789259945
96.9999999999988,33.5978057918378
97.0999999999988,33.6148137052405
97.1999999999988,33.6318130132372
97.2999999999987,33.6488037288791
97.3999999999987,33.6657858651843
97.4999999999987,33.6827594351379
97.5999999999987,33.6997244516928
97.6999999999987,33.7166809277686
97.7999999999987,33.733628876253
97.8999999999987,33.750568310001
97.9999999999987,33.7674992418354
98.0999999999987,33.7844216845468
98.1999999999987,33.8013356508939
98.2999999999987,33.8182411536034
98.3999999999987,33.83513820537
98.4999999999987,33.852026818857
98.5999999999987,33.8689070066958
98.6999999999987,33.8857787814867
98.7999999999987,33.9026421557981
98.8999999999987,33.9194971421677
98.9999999999987,33.9363437531016
99.0999999999986,33.9531820010751
99.1999999999986,33.9700118985325
99.2999999999986,33.9868334578871
99.3999999999986,34.0036466915217
99.4999999999986,34.0204516117884
99.5999999999986,34.0372482310088
99.6999999999986,34.054036561474
99.7999999999986,34.0708166154449
99.8999999999986,34.0875884051522
99.9999999999986,34.1043519427963
100.099999999999,34.121107240548
100.199999999999,34.1378543105478
100.299999999999,34.1545931649067
100.399999999999,34.1713238157058
100.499999999999,34.1880462749968
100.599999999999,34.2047605548019
100.699999999999,34.2214666671137
100.799999999999,34.2381646238959
100.899999999999,34.2548544370826
100.999999999999,34.2715361185791
101.099999999999,34.2882096802616
101.199999999999,34.3048751339776
101.299999999999,34.3215324915455
101.399999999999,34.3381817647552
101.499999999999,34.3548229653681
101.599999999999,34.3714561051169
101.699999999998,34.388081195706
101.799999999998,34.4046982488116
101.899999999998,34.4213072760816
101.999999999998,34.4379082891357
102.099999999998,34.4545012995656
102.199999999998,34.4710863189354
102.299999999998,34.487663358781
102.399999999998,34.5042324306106
102.499999999998,34.520793545905
102.599999999998,34.5373467161173
102.699999999998,34.5538919526731
102.799999999998,34.5704292669708
102.899999999998,34.5869586703813
102.999999999998,34.6034801742485
103.099999999998,34.6199937898893
103.199999999998,34.6364995285932
103.299999999998,34.6529974016233
103.399999999998,34.6694874202155
103.499999999998,34.6859695955791
103.599999999998,34.7024439388969
103.699999999998,34.718910461325
103.799999999998,34.735369173993
103.899999999998,34.7518200880042
103.999999999998,34.7682632144356
104.099999999998,34.784698564338
104.199999999998,34.8011261487361
104.299999999998,34.8175459786286
104.399999999998,34.8339580649882
104.499999999998,34.8503624187616
104.599999999998,34.8667590508701
104.699999999998,34.8831479722091
104.799999999998,34.8995291936483
104.899999999998,34.915902726032
104.999999999998,34.9322685801791
105.099999999998,34.9486267668831
105.199999999998,34.9649772969122
105.299999999998,34.9813201810095
105.399999999998,34.997655429893
105.499999999998,35.0139830542555
105.599999999998,35.0303030647651
105.699999999998,35.0466154720649
105.799999999998,35.0629202867733
105.899999999998,35.079217519484
105.999999999998,35.0955071807659
106.099999999998,35.1117892811637
106.199999999998,35.1280638311974
106.299999999998,35.1443308413627
106.399999999998,35.1605903221309
106.499999999998,35.1768422839494
106.599999999998,35.193086737241
106.699999999998,35.2093236924048
106.799999999998,35.2255531598158
106.899999999998,35.241775149825
106.999999999998,35.2579896727598
107.099999999998,35.2741967389236
107.199999999998,35.2903963585962
107.299999999998,35.3065885420339
107.399999999998,35.3227732994695
107.499999999998,35.338950641112
107.599999999998,35.3551205771475
107.699999999998,35.3712831177385
107.799999999998,35.3874382730244
107.899999999998,35.4035860531214
107.999999999998,35.4197264681226
108.099999999998,35.4358595280982
108.199999999998,35.4519852430954
108.299999999998,35.4681036231384
108.399999999998,35.4842146782289
108.499999999998,35.5003184183458
108.599999999998,35.5164148534452
108.699999999998,35.5325039934607
108.799999999998,35.5485858483037
108.899999999998,35.5646604278627
108.999999999998,35.5807277420041
109.099999999998,35.5967878005721
109.199999999998,35.6128406133885
109.299999999998,35.6288861902531
109.399999999998,35.6449245409436
109.499999999998,35.6609556752155
109.599999999998,35.6769796028027
109.699999999998,35.6929963334169
109.799999999998,35.7090058767484
109.899999999998,35.7250082424653
109.999999999998,35.7410034402145
110.099999999998,35.7569914796209
110.199999999998,35.7729723702883
110.299999999998,35.7889461217986
110.399999999998,35.8049127437126
110.499999999998,35.8208722455698
110.599999999998,35.8368246368882
110.699999999998,35.8527699271648
110.799999999998,35.8687081258756
110.899999999998,35.8846392424751
110.999999999998,35.9005632863973
111.099999999998,35.9164802670549
111.199999999998,35.9323901938401
111.299999999998,35.9482930761239
111.399999999998,35.9641889232568
111.499999999998,35.9800777445687
111.599999999998,35.9959595493687
111.699999999998,36.0118343469455
111.799999999998,36.0277021465673
111.899999999998,36.0435629574817
111.999999999998,36.0594167889163
112.099999999998,36.075263650078
112.199999999998,36.0911035501539
112.299999999998,36.1069364983107
112.399999999998,36.1227625036948
112.499999999998,36.1385815754331
112.599999999998,36.1543937226319
112.699999999998,36.1701989543781
112.799999999998,36.1859972797384
112.899999999998,36.2017887077599
112.999999999998,36.2175732474698
113.099999999998,36.2333509078758
113.199999999998,36.2491216979659
113.299999999998,36.2648856267085
113.399999999998,36.2806427030526
113.499999999998,36.2963929359276
113.599999999998,36.3121363342437
113.699999999998,36.3278729068917
113.799999999998,36.3436026627432
113.899999999998,36.3593256106505
113.999999999998,36.3750417594467
114.099999999998,36.3907511179461
114.199999999998,36.4064536949437
114.299999999998,36.4221494992155
114.399999999998,36.4378385395189
114.499999999998,36.4535208245921
114.599999999998,36.4691963631547
114.699999999998,36.4848651639075
114.799999999998,36.5005272355326
114.899999999998,36.5161825866934
114.999999999998,36.531831226035
115.099999999998,36.5474731621836
115.199999999998,36.5631084037471
115.299999999998,36.5787369593152
115.399999999998,36.5943588374589
115.499999999998,36.609974046731
115.599999999998,36.6255825956664
115.699999999998,36.6411844927812
115.799999999998,36.6567797465738
115.899999999998,36.6723683655245
115.999999999998,36.6879503580954
116.099999999998,36.7035257327307
116.199999999998,36.7190944978567
116.299999999998,36.7346566618818
116.399999999998,36.7502122331966
116.499999999998,36.765761220174
116.599999999998,36.781303631169
116.699999999998,36.7968394745191
116.799999999998,36.8123687585443
116.899999999998,36.8278914915468
116.999999999998,36.8434076818115
117.099999999998,36.8589173376056
117.199999999998,36.8744204671792
117.299999999998,36.889917078765
117.399999999998,36.9054071805781
117.499999999998,36.9208907808168
117.599999999998,36.9363678876618
117.699999999998,36.951838509277
117.799999999998,36.9673026538089
117.899999999998,36.9827603293872
117.999999999998,36.9982115441246
118.099999999998,37.0136563061166
118.199999999998,37.029094623442
118.299999999998,37.0445265041628
118.399999999998,37.0599519563241
118.499999999998,37.0753709879544
118.599999999998,37.0907836070651
118.699999999998,37.1061898216516
118.799999999998,37.121589639692
118.899999999998,37.1369830691484
118.999999999998,37.1523701179662
119.099999999998,37.1677507940742
119.199999999998,37.1831251053849
119.299999999997,37.1984930597946
119.399999999997,37.213854665183
119.499999999997,37.2292099294138
119.599999999997,37.2445588603342
119.699999999997,37.2599014657755
119.799999999997,37.2752377535526
119.899999999997,37.2905677314647
119.999999999997,37.3058914072946
120.099999999997,37.3212087888092
120.199999999997,37.3365198837596
120.299999999997,37.3518246998808
120.399999999997,37.3671232448922
120.499999999997,37.3824155264972
120.599999999997,37.3977015523834
120.699999999997,37.4129813302229
120.799999999997,37.428254867672
120.899999999997,37.4435221723713
120.999999999997,37.458783251946
121.099999999997,37.4740381140056
121.199999999997,37.4892867661442
121.299999999997,37.5045292159404
121.399999999997,37.5197654709574
121.499999999997,37.5349955387432
121.599999999997,37.5502194268302
121.699999999997,37.5654371427358
121.799999999997,37.5806486939619
121.899999999997,37.5958540879955
121.999999999997,37.6110533323082
122.099999999997,37.6262464343566
122.199999999997,37.6414334015824
122.299999999997,37.6566142414121
122.399999999997,37.6717889612572
122.499999999997,37.6869575685144
122.599999999997,37.7021200705654
122.699999999997,37.7172764747771
122.799999999997,37.7324267885017
122.899999999997,37.7475710190764
122.999999999997,37.7627091738239
123.099999999997,37.7778412600521
123.199999999997,37.7929672850543
123.299999999997,37.8080872561092
123.399999999997,37.8232011804809
123.499999999997,37.8383090654191
123.599999999997,37.8534109181589
123.699999999997,37.868506745921
123.799999999997,37.8835965559117
123.899999999997,37.898680355323
123.999999999997,37.9137581513326
124.099999999997,37.9288299511037
124.199999999997,37.9438957617856
124.299999999997,37.9589555905132
124.399999999997,37.9740094444072
124.499999999997,37.9890573305743
124.599999999997,38.0040992561071
124.699999999997,38.0191352280842
124.799999999997,38.03416525357
124.899999999997,38.0491893396153
124.999999999997,38.0642074932566
125.099999999997,38.0792197215167
125.199999999997,38.0942260314045
125.299999999997,38.1092264299152
125.399999999997,38.1242209240302
125.499999999997,38.139209520717
125.599999999997,38.1541922269295
125.699999999997,38.1691690496082
125.799999999997,38.1841399956795
125.899999999997,38.1991050720566
125.999999999997,38.2140642856389
126.099999999997,38.2290176433126
126.199999999997,38.2439651519502
126.299999999997,38.2589068184107
126.399999999997,38.2738426495399
126.499999999997,38.2887726521702
126.599999999997,38.3036968331206
126.699999999997,38.3186151991968
126.799999999997,38.3335277571913
126.899999999997,38.3484345138835
126.999999999997,38.3633354760394
127.099999999997,38.3782306504119
127.199999999997,38.393120043741
127.299999999997,38.4080036627534
127.399999999997,38.4228815141629
127.499999999997,38.4377536046702
127.599999999997,38.452619940963
127.699999999997,38.4674805297163
127.799999999997,38.4823353775919
127.899999999997,38.4971844912391
127.999999999997,38.5120278772939
128.099999999997,38.52686554238
128.199999999997,38.541697493108
128.299999999997,38.5565237360759
128.399999999997,38.571344277869
128.499999999997,38.58615912506
128.599999999997,38.600968284209
128.699999999997,38.6157717618632
128.799999999997,38.6305695645578
128.899999999997,38.6453616988149
128.999999999997,38.6601481711445
129.099999999997,38.6749289880441
129.199999999997,38.6897041559987
129.299999999997,38.7044736814808
129.399999999997,38.7192375709508
129.499999999997,38.7339958308567
129.599999999997,38.7487484676341
129.699999999997,38.7634954877064
129.799999999997,38.7782368974848
129.899999999997,38.7929727033684
129.999999999997,38.8077029117439
130.099999999997,38.8224275289862
130.199999999997,38.8371465614579
130.299999999997,38.8518600155096
130.399999999997,38.8665678974797
130.499999999997,38.8812702136949
130.599999999997,38.8959669704698
130.699999999997,38.910658174107
130.799999999997,38.9253438308972
130.899999999997,38.9400239471195
130.999999999997,38.9546985290408
131.099999999997,38.9693675829163
131.199999999997,38.9840311149896
131.299999999997,38.9986891314924
131.399999999997,39.0133416386447
131.499999999997,39.0279886426548
131.599999999997,39.0426301497194
131.699999999997,39.0572661660235
131.799999999997,39.0718966977407
131.899999999997,39.0865217510328
131.999999999997,39.1011413320503
132.099999999997,39.1157554469319
132.199999999997,39.1303641018051
132.299999999997,39.1449673027858
132.399999999997,39.1595650559787
132.499999999997,39.1741573674768
132.599999999997,39.1887442433621
132.699999999997,39.2033256897049
132.799999999997,39.2179017125646
132.899999999997,39.2324723179891
132.999999999997,39.247037512015
133.099999999997,39.2615973006679
133.199999999997,39.2761516899622
133.299999999997,39.290700685901
133.399999999997,39.3052442944764
133.499999999997,39.3197825216693
133.599999999997,39.3343153734498
133.699999999997,39.3488428557767
133.799999999997,39.363364974598
133.899999999997,39.3778817358504
133.999999999997,39.39239314546
134.099999999997,39.4068992093419
134.199999999997,39.4213999334002
134.299999999997,39.4358953235283
134.399999999997,39.4503853856085
134.499999999997,39.4648701255127
134.599999999997,39.4793495491016
134.699999999997,39.4938236622254
134.799999999997,39.5082924707236
134.899999999997,39.5227559804248
134.999999999997,39.5372141971471
135.099999999997,39.5516671266979
135.199999999997,39.5661147748741
135.299999999997,39.5805571474619
135.399999999997,39.5949942502369
135.499999999997,39.6094260889642
135.599999999997,39.6238526693985
135.699999999997,39.6382739972839
135.799999999997,39.6526900783541
135.899999999997,39.6671009183324
135.999999999997,39.6815065229317
136.099999999997,39.6959068978544
136.199999999997,39.7103020487927
136.299999999997,39.7246919814285
136.399999999997,39.7390767014333
136.499999999997,39.7534562144683
136.599999999997,39.7678305261847
136.699999999997,39.7821996422231
136.799999999997,39.7965635682143
136.899999999997,39.8109223097788
136.999999999997,39.8252758725267
137.099999999996,39.8396242620585
137.199999999996,39.8539674839642
137.299999999996,39.8683055438238
137.399999999996,39.8826384472074
137.499999999996,39.8969661996751
137.599999999996,39.9112888067768
137.699999999996,39.9256062740526
137.799999999996,39.9399186070328
137.899999999996,39.9542258112375
137.999999999996,39.968527892177
138.099999999996,39.9828248553519
138.199999999996,39.9971167062527
138.299999999996,40.0114034503605
138.399999999996,40.0256850931461
138.499999999996,40.0399616400708
138.599999999996,40.0542330965863
138.699999999996,40.0684994681344
138.799999999996,40.0827607601472
138.899999999996,40.0970169780471
138.999999999996,40.1112681272471
139.099999999996,40.1255142131503
139.199999999996,40.1397552411505
139.299999999996,40.1539912166315
139.399999999996,40.168222144968
139.499999999996,40.182448031525
139.599999999996,40.1966688816579
139.699999999996,40.2108847007127
139.799999999996,40.225095494026
139.899999999996,40.239301266925
139.999999999996,40.2535020247274
140.099999999996,40.2676977727415
140.199999999996,40.2818885162664
140.299999999996,40.2960742605916
140.399999999996,40.3102550109975
140.499999999996,40.3244307727552
140.599999999996,40.3386015511265
140.699999999996,40.3527673513639
140.799999999996,40.3669281787107
140.899999999996,40.381084038401
140.999999999996,40.3952349356599
141.099999999996,40.409380875703
141.199999999996,40.4235218637371
141.299999999996,40.4376579049597
141.399999999996,40.4517890045593
141.499999999996,40.4659151677153
141.599999999996,40.4800363995979
141.699999999996,40.4941527053687
141.799999999996,40.5082640901799
141.899999999996,40.5223705591749
141.999999999996,40.5364721174881
142.099999999996,40.5505687702449
142.199999999996,40.564660522562
142.299999999996,40.5787473795471
142.399999999996,40.5928293462989
142.499999999996,40.6069064279074
142.599999999996,40.6209786294538
142.699999999996,40.6350459560104
142.799999999996,40.6491084126407
142.899999999996,40.6631660043996
142.999999999996,40.6772187363332
143.099999999996,40.6912666134787
143.199999999996,40.7053096408648
143.299999999996,40.7193478235115
143.399999999996,40.7333811664301
143.499999999996,40.7474096746232
143.599999999996,40.761433353085
143.699999999996,40.775452206801
143.799999999996,40.7894662407479
143.899999999996,40.8034754598943
143.999999999996,40.8174798691998
144.099999999996,40.8314794736158
144.199999999996,40.8454742780852
144.299999999996,40.8594642875423
144.399999999996,40.8734495069129
144.499999999996,40.8874299411146
144.599999999996,40.9014055950565
144.699999999996,40.9153764736391
144.799999999996,40.9293425817549
144.899999999996,40.9433039242878
144.999999999996,40.9572605061134
145.099999999996,40.971212332099
145.199999999996,40.9851594071036
145.299999999996,40.9991017359782
145.399999999996,41.013039323565
145.499999999996,41.0269721746986
145.599999999996,41.0409002942048
145.699999999996,41.0548236869017
145.799999999996,41.0687423575988
145.899999999996,41.0826563110979
145.999999999996,41.0965655521923
146.099999999996,41.1104700856673
146.199999999996,41.1243699163002
146.299999999996,41.13826504886
146.399999999996,41.152155488108
146.499999999996,41.1660412387972
146.599999999996,41.1799223056725
146.699999999996,41.1937986934711
146.799999999996,41.2076704069219
146.899999999996,41.2215374507462
146.999999999996,41.235399829657
147.099999999996,41.2492575483596
147.199999999996,41.2631106115513
147.299999999996,41.2769590239216
147.399999999996,41.290802790152
147.499999999996,41.3046419149162
147.599999999996,41.3184764028802
147.699999999996,41.332306258702
147.799999999996,41.3461314870319
147.899999999996,41.3599520925125
147.999999999996,41.3737680797784
148.099999999996,41.3875794534567
148.199999999996,41.4013862181666
148.299999999996,41.4151883785198
148.399999999996,41.4289859391202
148.499999999996,41.442778904564
148.599999999996,41.4565672794397
148.699999999996,41.4703510683284
148.799999999996,41.4841302758033
148.899999999996,41.4979049064302
148.999999999996,41.5116749647673
149.099999999996,41.5254404553652
149.199999999996,41.5392013827668
149.299999999996,41.5529577515078
149.399999999996,41.5667095661162
149.499999999996,41.5804568311125
149.599999999996,41.5941995510097
149.699999999996,41.6079377303135
149.799999999996,41.621671373522
149.899999999996,41.6354004851259
149.999999999996,41.6491250696086
150.099999999996,41.662845131446
150.199999999996,41.6765606751067
150.299999999996,41.6902717050518
150.399999999996,41.7039782257354
150.499999999996,41.7176802416039
150.599999999996,41.7313777570966
150.699999999996,41.7450707766454
150.799999999996,41.7587593046752
150.899999999996,41.7724433456032
150.999999999996,41.7861229038397
151.099999999996,41.7997979837877
151.199999999996,41.8134685898431
151.299999999996,41.8271347263943
151.399999999996,41.8407963978228
151.499999999996,41.8544536085029
151.599999999996,41.8681063628017
151.699999999996,41.8817546650793
151.799999999996,41.8953985196885
151.899999999996,41.9090379309752
151.999999999996,41.922672903278
152.099999999996,41.9363034409288
152.199999999996,41.9499295482521
152.299999999996,41.9635512295656
152.399999999996,41.9771684891798
152.499999999996,41.9907813313984
152.599999999996,42.0043897605181
152.699999999996,42.0179937808285
152.799999999996,42.0315933966124
152.899999999996,42.0451886121456
152.999999999996,42.0587794316969
153.099999999996,42.0723658595283
153.199999999996,42.0859478998951
153.299999999996,42.0995255570453
153.399999999996,42.1130988352205
153.499999999996,42.1266677386552
153.599999999996,42.140232271577
153.699999999996,42.153792438207
153.799999999996,42.1673482427592
153.899999999996,42.1808996894411
153.999999999996,42.1944467824533
154.099999999996,42.2079895259895
154.199999999996,42.221527924237
154.299999999996,42.2350619813761
154.399999999996,42.2485917015807
154.499999999996,42.2621170890176
154.599999999996,42.2756381478473
154.699999999995,42.2891548822235
154.799999999995,42.3026672962932
154.899999999995,42.316175394197
154.999999999995,42.3296791800686
155.099999999995,42.3431786580353
155.199999999995,42.3566738322178
155.299999999995,42.37016470673
155.399999999995,42.3836512856797
155.499999999995,42.3971335731678
155.599999999995,42.4106115732888
155.699999999995,42.4240852901307
155.799999999995,42.4375547277749
155.899999999995,42.4510198902965
155.999999999995,42.464480781764
156.099999999995,42.4779374062395
156.199999999995,42.4913897677787
156.299999999995,42.5048378704309
156.399999999995,42.5182817182388
156.499999999995,42.5317213152388
156.599999999995,42.5451566654612
156.699999999995,42.5585877729294
156.799999999995,42.572014641661
156.899999999995,42.5854372756669
156.999999999995,42.5988556789518
157.099999999995,42.6122698555141
157.199999999995,42.6256798093458
157.299999999995,42.6390855444329
157.399999999995,42.6524870647547
157.499999999995,42.6658843742846
157.599999999995,42.6792774769897
157.699999999995,42.6926663768308
157.799999999995,42.7060510777625
157.899999999995,42.7194315837331
157.999999999995,42.732807898685
158.099999999995,42.7461800265541
158.199999999995,42.7595479712704
158.299999999995,42.7729117367577
158.399999999995,42.7862713269335
158.499999999995,42.7996267457093
158.599999999995,42.8129779969906
158.699999999995,42.8263250846767
158.799999999995,42.8396680126608
158.899999999995,42.8530067848301
158.999999999995,42.8663414050657
159.099999999995,42.8796718772427
159.199999999995,42.8929982052301
159.299999999995,42.906320392891
159.399999999995,42.9196384440824
159.499999999995,42.9329523626554
159.599999999995,42.9462621524552
159.699999999995,42.9595678173207
159.799999999995,42.9728693610853
159.899999999995,42.9861667875761
159.999999999995,42.9994601006145
160.099999999995,43.0127493040159
160.199999999995,43.0260344015899
160.299999999995,43.03931539714
160.399999999995,43.0525922944642
160.499999999995,43.0658650973542
160.599999999995,43.0791338095962
160.699999999995,43.0923984349703
160.799999999995,43.1056589772512
160.899999999995,43.1189154402072
160.999999999995,43.1321678276014
161.099999999995,43.1454161431906
161.199999999995,43.1586603907262
161.299999999995,43.1719005739538
161.399999999995,43.185136696613
161.499999999995,43.1983687624379
161.599999999995,43.2115967751569
161.699999999995,43.2248207384925
161.799999999995,43.2380406561617
161.899999999995,43.2512565318757
161.999999999995,43.2644683693401
162.099999999995,43.2776761722547
162.199999999995,43.2908799443139
162.299999999995,43.3040796892062
162.399999999995,43.3172754106147
162.499999999995,43.3304671122167
162.599999999995,43.343654797684
162.699999999995,43.3568384706829
162.799999999995,43.3700181348739
162.899999999995,43.3831937939122
162.999999999995,43.3963654514472
163.099999999995,43.4095331111229
163.199999999995,43.4226967765778
163.299999999995,43.4358564514448
163.399999999995,43.4490121393514
163.499999999995,43.4621638439194
163.599999999995,43.4753115687653
163.699999999995,43.4884553175002
163.799999999995,43.5015950937294
163.899999999995,43.5147309010532
163.999999999995,43.5278627430662
164.099999999995,43.5409906233575
164.199999999995,43.554114545511
164.299999999995,43.5672345131052
164.399999999995,43.5803505297129
164.499999999995,43.593462598902
164.599999999995,43.6065707242346
164.699999999995,43.6196749092677
164.799999999995,43.6327751575528
164.899999999995,43.6458714726363
164.999999999995,43.658963858059
165.099999999995,43.6720523173565
165.199999999995,43.6851368540592
165.299999999995,43.6982174716921
165.399999999995,43.7112941737749
165.499999999995,43.7243669638222
165.599999999995,43.7374358453431
165.699999999995,43.7505008218417
165.799999999995,43.7635618968168
165.899999999995,43.7766190737617
165.999999999995,43.7896723561649
166.099999999995,43.8027217475096
166.199999999995,43.8157672512735
166.299999999995,43.8288088709296
166.399999999995,43.8418466099453
166.499999999995,43.8548804717831
166.599999999995,43.8679104599003
166.699999999995,43.880936577749
166.799999999995,43.8939588287763
166.899999999995,43.9069772164241
166.999999999995,43.9199917441292
167.099999999995,43.9330024153232
167.199999999995,43.9460092334329
167.299999999995,43.9590122018798
167.399999999995,43.9720113240804
167.499999999995,43.9850066034461
167.599999999995,43.9979980433833
167.699999999995,44.0109856472935
167.799999999995,44.023969418573
167.899999999995,44.0369493606131
167.999999999995,44.0499254768002
168.099999999995,44.0628977705156
168.199999999995,44.0758662451358
168.299999999995,44.0888309040322
168.399999999995,44.1017917505711
168.499999999995,44.1147487881142
168.599999999995,44.1277020200179
168.699999999995,44.140651449634
168.799999999995,44.1535970803092
168.899999999995,44.1665389153853
168.999999999995,44.1794769581992
169.099999999995,44.1924112120829
169.199999999995,44.2053416803637
169.299999999995,44.2182683663638
169.399999999995,44.2311912734006
169.499999999995,44.2441104047868
169.599999999995,44.2570257638301
169.699999999995,44.2699373538334
169.799999999995,44.2828451780948
169.899999999995,44.2957492399077
169.999999999995,44.3086495425605
170.099999999995,44.321546089337
170.199999999995,44.3344388835161
170.299999999995,44.347327928372
170.399999999995,44.360213227174
170.499999999995,44.3730947831869
170.599999999995,44.3859725996705
170.699999999995,44.3988466798801
170.799999999995,44.4117170270661
170.899999999995,44.4245836444743
170.999999999995,44.4374465353457
171.099999999995,44.4503057029168
171.199999999995,44.4631611504192
171.299999999995,44.4760128810799
171.399999999995,44.4888608981213
171.499999999995,44.501705204761
171.599999999995,44.5145458042122
171.699999999995,44.5273826996832
171.799999999995,44.5402158943779
171.899999999995,44.5530453914953
171.999999999995,44.5658711942302
172.099999999995,44.5786933057724
172.199999999995,44.5915117293074
172.299999999994,44.6043264680159
172.399999999994,44.6171375250742
172.499999999994,44.6299449036539
172.599999999994,44.6427486069223
172.699999999994,44.6555486380418
172.799999999994,44.6683450001705
172.899999999994,44.6811376964619
172.999999999994,44.6939267300651
173.099999999994,44.7067121041245
173.199999999994,44.7194938217802
173.299999999994,44.7322718861676
173.399999999994,44.7450463004179
173.499999999994,44.7578170676575
173.599999999994,44.7705841910086
173.699999999994,44.7833476735888
173.799999999994,44.7961075185114
173.899999999994,44.8088637288851
173.999999999994,44.8216163078142
174.099999999994,44.8343652583988
174.199999999994,44.8471105837343
174.299999999994,44.8598522869119
174.399999999994,44.8725903710182
174.499999999994,44.8853248391357
174.599999999994,44.8980556943423
174.699999999994,44.9107829397116
174.799999999994,44.923506578313
174.899999999994,44.9362266132112
174.999999999994,44.948943047467
175.099999999994,44.9616558841365
175.199999999994,44.9743651262716
175.299999999994,44.98707077692
175.399999999994,44.999772839125
175.499999999994,45.0124713159256
175.599999999994,45.0251662103565
175.699999999994,45.0378575254481
175.799999999994,45.0505452642267
175.899999999994,45.063229429714
175.999999999994,45.0759100249279
176.099999999994,45.0885870528817
176.199999999994,45.1012605165846
176.299999999994,45.1139304190415
176.399999999994,45.1265967632532
176.499999999994,45.1392595522161
176.599999999994,45.1519187889226
176.699999999994,45.1645744763608
176.799999999994,45.1772266175147
176.899999999994,45.1898752153639
176.999999999994,45.2025202728841
177.099999999994,45.2151617930467
177.199999999994,45.2277997788189
177.299999999994,45.2404342331638
177.399999999994,45.2530651590405
177.499999999994,45.2656925594038
177.599999999994,45.2783164372044
177.699999999994,45.2909367953889
177.799999999994,45.3035536368998
177.899999999994,45.3161669646756
177.999999999994,45.3287767816505
178.099999999994,45.3413830907547
178.199999999994,45.3539858949146
178.299999999994,45.366585197052
178.399999999994,45.3791810000852
178.499999999994,45.391773306928
178.599999999994,45.4043621204904
178.699999999994,45.4169474436784
178.799999999994,45.4295292793937
178.899999999994,45.4421076305343
178.999999999994,45.454682499994
179.099999999994,45.4672538906627
179.199999999994,45.4798218054262
179.299999999994,45.4923862471664
179.399999999994,45.5049472187612
179.499999999994,45.5175047230844
179.599999999994,45.5300587630061
179.699999999994,45.5426093413922
179.799999999994,45.5551564611047
179.899999999994,45.5677001250019
179.999999999994,45.5802403359377
180.099999999994,45.5927770967625
180.199999999994,45.6053104103226
180.299999999994,45.6178402794603
180.399999999994,45.6303667070143
180.499999999994,45.642889695819
180.599999999994,45.6554092487053
180.699999999994,45.6679253684999
180.799999999994,45.6804380580258
180.899999999994,45.6929473201021
180.999999999994,45.7054531575441
181.099999999994,45.717955573163
181.199999999994,45.7304545697666
181.299999999994,45.7429501501583
181.399999999994,45.7554423171382
181.499999999994,45.7679310735023
181.599999999994,45.7804164220427
181.699999999994,45.792898365548
181.799999999994,45.8053769068028
181.899999999994,45.8178520485878
181.999999999994,45.8303237936801
182.099999999994,45.8427921448531
182.199999999994,45.8552571048761
182.299999999994,45.8677186765149
182.399999999994,45.8801768625314
182.499999999994,45.892631665684
182.599999999994,45.9050830887271
182.699999999994,45.9175311344114
182.799999999994,45.9299758054838
182.899999999994,45.9424171046878
182.999999999994,45.9548550347629
183.099999999994,45.967289598445
183.199999999994,45.9797207984661
183.299999999994,45.9921486375549
183.399999999994,46.004573118436
183.499999999994,46.0169942438306
183.599999999994,46.0294120164561
183.699999999994,46.0418264390262
183.799999999994,46.0542375142512
183.899999999994,46.0666452448374
183.999999999994,46.0790496334876
184.099999999994,46.091450682901
184.199999999994,46.1038483957732
184.299999999994,46.116242774796
184.399999999994,46.1286338226578
184.499999999994,46.1410215420432
184.599999999994,46.1534059356334
184.699999999994,46.1657870061058
184.799999999994,46.1781647561342
184.899999999994,46.1905391883891
184.999999999994,46.2029103055371
185.099999999994,46.2152781102414
185.199999999994,46.2276426051615
185.299999999994,46.2400037929536
185.399999999994,46.2523616762701
185.499999999994,46.26471625776
185.599999999994,46.2770675400687
185.699999999994,46.2894155258379
185.799999999994,46.3017602177062
185.899999999994,46.3141016183083
185.999999999994,46.3264397302755
186.099999999994,46.3387745562357
186.199999999994,46.3511060988132
186.299999999994,46.3634343606288
186.399999999994,46.3757593442998
186.499999999994,46.3880810524402
186.599999999994,46.4003994876603
186.699999999994,46.412714652567
186.799999999994,46.4250265497639
186.899999999994,46.4373351818508
186.999999999994,46.4496405514245
187.099999999994,46.461942661078
187.199999999994,46.474241513401
187.299999999994,46.4865371109798
187.399999999994,46.4988294563972
187.499999999994,46.5111185522327
187.599999999994,46.5234044010623
187.699999999994,46.5356870054587
187.799999999994,46.5479663679909
187.899999999994,46.560242491225
187.999999999994,46.5725153777233
188.099999999994,46.5847850300449
188.199999999994,46.5970514507456
188.299999999994,46.6093146423776
188.399999999994,46.6215746074901
188.499999999994,46.6338313486285
188.599999999994,46.6460848683351
188.699999999994,46.6583351691491
188.799999999994,46.6705822536058
188.899999999994,46.6828261242377
188.999999999994,46.6950667835737
189.099999999994,46.7073042341395
189.199999999994,46.7195384784573
189.299999999994,46.7317695190463
189.399999999994,46.7439973584222
189.499999999994,46.7562219990974
189.599999999994,46.768443443581
189.699999999994,46.7806616943791
189.799999999994,46.7928767539942
189.899999999993,46.8050886249255
189.999999999993,46.8172973096694
190.099999999993,46.8295028107185
190.199999999993,46.8417051305624
190.299999999993,46.8539042716875
190.399999999993,46.8661002365769
190.499999999993,46.8782930277104
190.599999999993,46.8904826475648
190.699999999993,46.9026690986134
190.799999999993,46.9148523833264
190.899999999993,46.9270325041708
190.999999999993,46.9392094636105
191.099999999993,46.9513832641061
191.199999999993,46.9635539081149
191.299999999993,46.9757213980912
191.399999999993,46.987885736486
191.499999999993,47.0000469257473
191.599999999993,47.0122049683197
191.699999999993,47.0243598666448
191.799999999993,47.036511623161
191.899999999993,47.0486602403035
191.999999999993,47.0608057205044
192.099999999993,47.0729480661927
192.199999999993,47.0850872797942
192.299999999993,47.0972233637317
192.399999999993,47.1093563204246
192.499999999993,47.1214861522894
192.599999999993,47.1336128617396
192.699999999993,47.1457364511853
192.799999999993,47.1578569230337
192.899999999993,47.1699742796888
192.999999999993,47.1820885235517
193.099999999993,47.1941996570201
193.199999999993,47.206307682489
193.299999999993,47.2184126023499
193.399999999993,47.2305144189917
193.499999999993,47.2426131347999
193.599999999993,47.254708752157
193.699999999993,47.2668012734425
193.799999999993,47.278890701033
193.899999999993,47.2909770373018
193.999999999993,47.3030602846193
194.099999999993,47.3151404453529
194.199999999993,47.3272175218669
194.299999999993,47.3392915165226
194.399999999993,47.3513624316783
194.499999999993,47.3634302696894
194.599999999993,47.3754950329081
194.699999999993,47.3875567236837
194.799999999993,47.3996153443626
194.899999999993,47.411670897288
194.999999999993,47.4237233848003
195.099999999993,47.4357728092369
195.199999999993,47.4478191729323
195.299999999993,47.4598624782177
195.399999999993,47.4719027274218
195.499999999993,47.48393992287
195.599999999993,47.4959740668849
195.699999999993,47.5080051617862
195.799999999993,47.5200332098906
195.899999999993,47.5320582135118
195.999999999993,47.5440801749607
196.099999999993,47.5560990965452
196.199999999993,47.5681149805702
196.299999999993,47.580127829338
196.399999999993,47.5921376451476
196.499999999993,47.6041444302954
196.599999999993,47.6161481870747
196.699999999993,47.628148917776
196.799999999993,47.640146624687
196.899999999993,47.6521413100924
196.999999999993,47.664132976274
197.099999999993,47.6761216255108
197.199999999993,47.6881072600789
197.299999999993,47.7000898822516
197.399999999993,47.7120694942993
197.499999999993,47.7240460984895
197.599999999993,47.7360196970869
197.699999999993,47.7479902923534
197.799999999993,47.7599578865481
197.899999999993,47.771922481927
197.999999999993,47.7838840807437
198.099999999993,47.7958426852485
198.199999999993,47.8077982976894
198.299999999993,47.8197509203111
198.399999999993,47.8317005553559
198.499999999993,47.843647205063
198.599999999993,47.8555908716689
198.699999999993,47.8675315574074
198.799999999993,47.8794692645094
198.899999999993,47.8914039952031
198.999999999993,47.9033357517138
199.099999999993,47.9152645362642
199.199999999993,47.9271903510742
199.299999999993,47.9391131983607
199.399999999993,47.9510330803382
199.499999999993,47.9629499992181
199.599999999993,47.9748639572094
199.699999999993,47.9867749565181
199.799999999993,47.9986829993475
199.899999999993,48.0105880878983
199.999999999993,48.0224902243683
