Time,Numerical Velocity,Exact Velocity
0,4,4
0.1,4.14285714285714,4.14039335605413
0.2,4.2807881773399,4.27617987059879
0.3,4.41427494373806,4.40778532015472
0.4,4.54372509777506,4.53557367611073
0.5,4.6694872332767,4.65985898008574
0.6,4.79186224853669,4.78091443733757
0.7,4.91111203949282,4.89897948556636
0.8,5.02746625149886,5.01426536422407
0.9,5.14112759557217,5.12695955569325
1,5.25227608601631,5.23722936566382
1.1,5.36107245583205,5.34522483824849
1.2,5.46766093717349,5.45108115095397
1.3,5.57217154563927,5.55492059863531
1.4,5.6747219726583,5.65685424949238
1.5,5.77541916525765,5.7569833370314
1.6,5.87436065419165,5.8554004376912
1.7,5.97163567781841,5.95219047314276
1.8,6.06732613890115,6.04743156814764
1.9,6.16150742376151,6.14119578862991
2,6.25424910726982,6.23354977979184
2.1,6.34561556255928,6.32455532033676
2.2,6.4356664907624,6.41426980589819
2.3,6.52445738324397,6.50274667242345
2.4,6.61203992656721,6.59003576838331
2.5,6.69846235864185,6.67618368317024
2.6,6.7837697830676,6.76123403782813
2.7,6.86800444752436,6.8452277432634
2.8,6.95120599111604,6.92820323027551
2.9,7.03341166480185,7.01019665507731
3,7.1146565284131,7.09124208342335
3.1,7.19497362722827,7.17137165600636
3.2,7.27439415064285,7.25061573739973
3.3,7.35294757510612,7.32900305050324
3.4,7.43066179319237,7.40656079818041
3.5,7.50756323041726,7.48331477354788
3.6,7.58367695119332,7.55928946018455
3.7,7.65902675513488,7.63450812336422
3.8,7.73363526476641,7.70899289327545
3.9,7.80752400555458,7.78276484107214
4,7.88071347907038,7.85584404849573
4.1,7.95322322998903,7.92824967172092
4.2,8.02507190755084,8
4.3,8.09627732203328,8.07111250961459
4.4,8.16685649672057,8.14160391358572
4.5,8.23682571580236,8.21149020754281
4.6,8.30620056858482,8.28078671210825
4.7,8.37499599035561,8.34950811211569
4.8,8.4432263002073,8.41766849294642
4.9,8.51090523609162,8.48528137423857
5,8.57804598734865,8.55235974119758
5.1,8.64466122492972,8.61891607371334
5.2,8.71076312951109,8.68496237346895
5.3,8.77636341767558,8.75051018920774
5.4,8.84147336632216,8.81557064030943
5.5,8.90610383544795,8.88015443881146
5.6,8.9702652894335,8.94427190999916
5.7,9.03396781694979,9.00793301167682
5.8,9.09722114959466,9.07114735222145
5.9,9.16003467935633,9.13392420751187
5.99999999999999,9.22241747499316,9.19627253681776
6.09999999999999,9.28437829741071,9.25820099772551
6.19999999999999,9.3459256141102,9.31971796017148
6.29999999999999,9.40706761277599,9.38083151964686
6.39999999999999,9.46781221406413,9.44154950963331
6.49999999999999,9.52816708364843,9.50187951332336
6.59999999999999,9.58813964357648,9.56182887467514
6.69999999999999,9.64773708298293,9.62140470884727
6.79999999999999,9.70696636820427,9.68061391205566
6.89999999999999,9.76583425233544,9.73946317089103
6.99999999999999,9.82434728426529,9.79795897113271
7.09999999999999,9.88251181722554,9.85610760609162
7.19999999999999,9.9403340168846,9.91391518451284
7.29999999999999,9.99781986901572,9.97138763806579
7.39999999999999,10.0549751867665,10.0285307284481
7.49999999999999,10.1118056175547,10.0853500541273
7.59999999999999,10.1683166496137,10.1418510567422
7.69999999999999,10.2245136182094,10.1980390271856
7.79999999999999,10.2804017115472,10.2539191113865
7.89999999999999,10.3359859763903,10.3094963158107
7.99999999999999,10.3912713234036,10.3647755126955
8.09999999999999,10.4462625322407,10.4197614450345
8.19999999999999,10.5009642563899,10.4744587313276
8.29999999999999,10.5553810277907,10.5288718701076
8.39999999999999,10.6095172612364,10.5830052442584
8.49999999999999,10.6633772585726,10.636863125135
8.59999999999999,10.716965212705,10.690449676497
8.69999999999999,10.7702852114254,10.7437689582647
8.79999999999998,10.8233412410673,10.7968249301092
8.89999999999998,10.8761371899985,10.8496214548843
8.99999999999998,10.9286768519618,10.9021623019079
9.09999999999998,10.9809639292694,10.9544511501033
9.19999999999998,11.0330020358609,11.0064915910047
9.29999999999998,11.0847947002301,11.0582871316363
9.39999999999998,11.1363453682291,11.1098411972706
9.49999999999998,11.1876574057544,11.1611571340712
9.59999999999998,11.238734101322,11.2122382116278
9.69999999999998,11.2895786685372,11.2630876253869
9.79999999999998,11.3401942484632,11.3137084989848
9.89999999999998,11.3905839118948,11.3641038864865
9.99999999999998,11.4407506615407,11.4142767745361
10.1,11.49069743412,11.4642300844222
10.2,11.540427102376,11.5139666740628
10.3,11.5899424770115,11.5634893399132
10.4,11.6392463085501,11.6128008188009
10.5,11.6883412891254,11.6619037896906
10.6,11.7372300542028,11.7108008753824
10.7,11.7859151842368,11.7594946441467
10.8,11.8343992062662,11.8079876112982
10.9,11.8826845954498,11.8562822407122
11,11.9307737765467,11.9043809462855
11.1,11.9786691253423,11.9522860933439
11.2,12.0263729700223,12
11.3,12.0738875924985,12.0475249384617
11.4,12.1212152296867,12.0948631362953
11.5,12.1683580747398,12.1420167776433
11.6,12.215318278238,12.1889880044009
11.7,12.2620979493372,12.2357789173508
11.8,12.3086991568785,12.2823915772598
11.9,12.355123930459,12.3288280059379
12,12.401374261467,12.3750901872615
12.1,12.4474521040819,12.4211800681624
12.2,12.4933593762409,12.4670995595837
12.3,12.5390979605736,12.5128505374047
12.4,12.5846697053056,12.5584348433348
12.5,12.6300764251329,12.6038542857787
12.6,12.675319902068,12.6491106406735
12.7,12.720401886258,12.6942056522989
12.8,12.7653240967776,12.7391410340617
12.9,12.8100882223961,12.7839184692555
13,12.8546959223204,12.8285396117964
13.1,12.8991488269151,12.8730060869358
13.2,12.9434485383996,12.9173194919512
13.3,12.9875966315244,12.9614813968157
13.4,13.0315946542256,13.0054933448469
13.5,13.0754441282609,13.0493568533363
13.6,13.1191465498248,13.0930734141595
13.7,13.1627033901466,13.1366444943687
13.8,13.2061160960696,13.1800715367666
13.9,13.2493860906139,13.2233559604641
14,13.292514773522,13.2664991614216
14.1,13.3355035217886,13.3095025129738
14.2,13.3783536901752,13.3523673663405
14.3,13.4210666117096,13.3950950511212
14.4,13.4636435981713,13.437686875777
14.5,13.5060859405627,13.4801441280976
14.6,13.548394909567,13.5224680756562
14.7,13.5905717559936,13.5646599662505
14.8,13.6326177112108,13.6067210283322
14.9,13.6745339875661,13.6486524714242
15,13.7163217787952,13.6904554865268
15.1,13.7579822604203,13.7321312465119
15.2,13.7995165901361,13.7736809065074
15.3,13.8409259081869,13.8151056042704
15.4,13.8822113377325,13.856406460551
15.5,13.9233739852046,13.8975845794461
15.6,13.9644149406538,13.9386410487434
15.7,14.005335278087,13.9795769402572
15.8,14.0461360557965,14.0203933101546
15.9,14.0868183166801,14.0610911992734
16,14.1273830885528,14.1016716334321
16.1,14.1678313844507,14.1421356237309
16.2,14.2081642029268,14.1824841668467
16.3,14.2483825283393,14.2227182453184
16.4,14.2884873311331,14.2628388278271
16.5,14.3284795681128,14.3028468694672
16.6,14.3683601827106,14.3427433120127
16.7,14.4081301052461,14.3825290841751
16.8,14.4477902531803,14.4222051018559
16.9,14.487341531363,14.4617722683929
17,14.5267848322744,14.5012314747994
17.1,14.5661210362608,14.5405835999994
17.2,14.6053510117639,14.5798295110549
17.3,14.6444756155457,14.6189700633897
17.4,14.6834956929066,14.6580061010065
17.5,14.7224120778996,14.6969384566991
17.6,14.7612255935386,14.7357679522601
17.7,14.7999370520017,14.7744953986833
17.8,14.8385472548303,14.8131215963608
17.9,14.8770569931231,14.8516473352766
18,14.9154670477254,14.8900733951947
18.1,14.9537781894148,14.9284005458436
18.2,14.9919911790814,14.9666295470958
18.3,15.030106767905,15.0047611491439
18.4,15.0681256975275,15.0427960926722
18.5,15.1060487002221,15.0807351090247
18.6,15.1438764990574,15.1185789203691
18.7,15.1816098080595,15.156328239857
18.8,15.219249332369,15.1939837717809
18.9,15.2567957683955,15.2315462117278
19,15.2942498039678,15.2690162467284
19.1,15.3316121184816,15.3063945554044
19.2,15.3688833830435,15.3436818081115
19.3,15.4060642606119,15.3808786670797
19.4,15.443155406135,15.4179857865509
19.5,15.4801574666855,15.4550038129126
19.6,15.5170710815928,15.4919333848297
19.7,15.5538968825718,15.5287751333728
19.8,15.5906354938499,15.5655296821443
19.9,15.6272875322902,15.6021976474012
20,15.6638536075126,15.638779638176
20.1,15.7003343220128,15.6752762563945
20.2,15.7367302712779,15.7116880969915
20.3,15.7730420439002,15.7480157480236
20.4,15.8092702216885,15.7842597907807
20.5,15.8454153797771,15.8204207998939
20.6,15.8814780867325,15.8564993434418
20.7,15.9174589046582,15.8924959830553
20.8,15.9533583892965,15.9284112740187
20.9,15.9891770901295,15.9642457653703
21,16.0249155504773,16
21.1,16.0605743075939,16.0356745147455
21.2,16.0961538927621,16.071269840486
21.3,16.1316548313861,16.1067865022348
21.4,16.1670776430816,16.1422250192292
21.5,16.2024228417652,16.1775859050195
21.6,16.2376909357416,16.2128696675556
21.7,16.2728824277887,16.2480768092719
21.8,16.3079978152417,16.2832078271715
21.9,16.343037590075,16.318263212907
22,16.3780022389831,16.3532434528619
22.1,16.4128922434592,16.3881490282286
22.2,16.4477080798732,16.4229804150856
22.3,16.4824502195472,16.4577380844739
22.4,16.5171191288306,16.4924225024707
22.5000000000001,16.5517152691727,16.5270341302624
22.6000000000001,16.5862390971951,16.5615734242165
22.7000000000001,16.6206910647617,16.5960408359516
22.8000000000001,16.655071619048,16.630436812406
22.9000000000001,16.6893812026091,16.6647617959059
23.0000000000001,16.7236202534457,16.6990162242314
23.1000000000001,16.7577892050704,16.7332005306815
23.2000000000001,16.7918884865708,16.7673151441385
23.3000000000001,16.8259185226734,16.8013604891305
23.4000000000001,16.8598797338048,16.8353369858929
23.5000000000001,16.8937725361528,16.8692450504292
23.6000000000001,16.9275973417257,16.9030850945704
23.7000000000001,16.9613545584111,16.9368575260331
23.8000000000001,16.9950445900334,16.9705627484772
23.9000000000001,17.0286678364098,17.0042011615617
24.0000000000001,17.0622246934063,17.0377731610007
24.1000000000001,17.0957155529922,17.0712791386168
24.2000000000001,17.1291408032929,17.1047194823952
24.3000000000001,17.1625008286433,17.1380945765358
24.4000000000001,17.195796009639,17.1714048015048
24.5000000000001,17.2290267231871,17.2046505340853
24.6000000000001,17.2621933425563,17.2378321474267
24.7000000000001,17.2952962374253,17.2709500110942
24.8000000000001,17.3283357739319,17.3040044911163
24.9000000000001,17.3613123147194,17.3369959500321
25.0000000000001,17.3942262189837,17.3699247469379
25.1000000000001,17.4270778425187,17.4027912375327
25.2000000000001,17.4598675377615,17.4355957741627
25.3000000000001,17.4925956538364,17.4683387058661
25.4000000000001,17.5252625365985,17.5010203784155
25.5000000000001,17.5578685286762,17.5336411343615
25.6000000000001,17.5904139695135,17.5662013130736
25.7000000000001,17.6228991954109,17.5987012507823
25.8000000000001,17.6553245395664,17.6311412806189
25.9000000000001,17.6876903321151,17.6635217326557
26.0000000000001,17.7199969001689,17.6958429339452
26.1000000000001,17.7522445678546,17.7281052085584
26.2000000000001,17.7844336563524,17.760308877623
26.3000000000001,17.8165644839329,17.7924542593603
26.4000000000001,17.848637365994,17.8245416691226
26.5000000000001,17.8806526150974,17.8565714194283
26.6000000000001,17.9126105410037,17.8885438199984
26.7000000000001,17.9445114507075,17.9204591777906
26.8000000000001,17.9763556484723,17.9523177970343
26.9000000000001,18.0081434358639,17.9841199792643
27.0000000000001,18.0398751117839,18.0158660233537
27.1000000000001,18.0715509725029,18.0475562255472
27.2000000000001,18.1031713116922,18.079190879493
27.3000000000001,18.1347364204563,18.1107702762749
27.4000000000001,18.1662465873636,18.1422947044429
27.5000000000001,18.1977020984776,18.1737644500449
27.6000000000001,18.2291032373872,18.205179796656
27.7000000000001,18.2604502852363,18.2365410254091
27.8000000000001,18.2917435207536,18.2678484150238
27.9000000000001,18.3229832202815,18.2991022418354
28.0000000000001,18.3541696578041,18.3303027798234
28.1000000000001,18.3853031049762,18.3614503006396
28.2000000000001,18.41638383115,18.3925450736356
28.3000000000001,18.447412103403,18.4235873658898
28.4000000000001,18.4783881865645,18.4545774422345
28.5000000000001,18.509312343242,18.4855155652821
28.6000000000001,18.5401848338473,18.5164019954511
28.7000000000001,18.5710059166224,18.5472369909915
28.8000000000001,18.601775847664,18.5780208080102
28.9000000000001,18.6324948809492,18.6087537004958
29.0000000000001,18.6631632683595,18.639435920343
29.1000000000001,18.6937812597049,18.6700677173767
29.2000000000001,18.724349102748,18.7006493393756
29.3000000000001,18.7548670432272,18.7311810320958
29.4000000000001,18.7853353248797,18.7616630392938
29.5000000000001,18.8157541894645,18.792095602749
29.6000000000002,18.8461238767848,18.8224789622865
29.7000000000002,18.8764446247096,18.8528133557985
29.8000000000002,18.9067166691963,18.8830990192667
29.9000000000002,18.9369402443112,18.9133361867833
30.0000000000002,18.9671155822516,18.9435250905724
30.1000000000002,18.9972429133658,18.9736659610103
30.2000000000002,19.0273224661743,19.0037590266468
30.3000000000002,19.0573544673896,19.0338045142246
30.4000000000002,19.0873391419365,19.0638026486998
30.5000000000002,19.1172767129714,19.0937536532613
30.6000000000002,19.147167401902,19.1236577493503
30.7000000000002,19.1770114284065,19.1535151566793
30.8000000000002,19.2068090104522,19.1833260932509
30.9000000000002,19.2365603643141,19.2130907753765
31.0000000000002,19.2662657045936,19.2428094176946
31.1000000000002,19.2959252442361,19.2724822331887
31.2000000000002,19.3255391945492,19.3021094332052
31.3000000000002,19.3551077652202,19.3316912274712
31.4000000000002,19.3846311643332,19.3612278241114
31.5000000000002,19.4141095983867,19.3907194296654
31.6000000000002,19.4435432723099,19.4201662491045
31.7000000000002,19.4729323894799,19.4495684858486
31.8000000000002,19.5022771517375,19.4789263417821
31.9000000000002,19.5315777594041,19.5082400172704
32.0000000000002,19.5608344112972,19.5375097111758
32.1000000000002,19.590047304746,19.5667356208731
32.2000000000002,19.6192166356077,19.5959179422655
32.3000000000002,19.6483425982821,19.6250568697994
32.4000000000002,19.6774253857269,19.6541525964799
32.5000000000002,19.7064651894729,19.6832053138856
32.6000000000002,19.7354621996386,19.7122152121833
32.7000000000002,19.7644166049445,19.7411824801426
32.8000000000002,19.793328592728,19.77010730515
32.9000000000002,19.8221983489568,19.7989898732234
33.0000000000002,19.8510260582435,19.8278303690257
33.1000000000002,19.8798119038594,19.856628975879
33.2000000000002,19.9085560677474,19.8853858757776
33.3000000000002,19.9372587305365,19.9141012494019
33.4000000000002,19.9659200715539,19.9427752761317
33.5000000000002,19.9945402688391,19.9714081340587
33.6000000000002,20.0231194991562,20.0000000000001
33.7000000000002,20.051657938007,20.0285510495108
33.8000000000002,20.0801557596433,20.0570614568963
33.9000000000002,20.1086131370794,20.0855313952251
34.0000000000002,20.1370302421047,20.1139610363407
34.1000000000002,20.1654072452952,20.1423505508739
34.2000000000002,20.1937443160262,20.1707001082547
34.3000000000002,20.2220416224834,20.1990098767242
34.4000000000002,20.250299331675,20.2272800233462
34.5000000000002,20.2785176094431,20.2555107140185
34.6000000000002,20.306696620475,20.2837021134845
34.7000000000002,20.3348365283147,20.3118543853443
34.8000000000002,20.3629374953735,20.339967692066
34.9000000000002,20.3909996829414,20.3680421949962
35.0000000000002,20.4190232511977,20.3960780543712
35.1000000000002,20.4470083592217,20.4240754293275
35.2000000000002,20.4749551650032,20.4520344779124
35.3000000000002,20.5028638254532,20.4799553570943
35.4000000000002,20.5307344964138,20.507838222773
35.5000000000002,20.5585673326685,20.5356832297902
35.6000000000002,20.5863624879525,20.563490531939
35.7000000000002,20.6141201149623,20.5912602819741
35.8000000000002,20.6418403653655,20.6189926316215
35.9000000000002,20.6695233898107,20.6466877315883
36.0000000000002,20.697169337937,20.6743457315721
36.1000000000002,20.7247783583831,20.7019667802707
36.2000000000002,20.7523505987973,20.729551025391
36.3000000000002,20.7798862058462,20.7570986136585
36.4000000000002,20.8073853252238,20.7846096908266
36.5000000000002,20.834848101661,20.812084401685
36.6000000000003,20.8622746789339,20.8395228900692
36.7000000000003,20.8896651998729,20.8669252988689
36.8000000000003,20.9170198063714,20.8942917700369
36.9000000000003,20.9443386393944,20.9216224445976
37.0000000000003,20.9716218389867,20.9489174626553
37.1000000000003,20.9988695442818,20.9761769634031
37.2000000000003,21.0260818935096,21.0034010851305
37.3000000000003,21.0532590240051,21.030589965232
37.4000000000003,21.0804010722161,21.0577437402152
37.5000000000003,21.1075081737116,21.0848625457087
37.6000000000003,21.1345804631891,21.11194651647
37.7000000000003,21.1616180744833,21.1389957863931
37.8000000000003,21.1886211405729,21.1660104885168
37.9000000000003,21.2155897935889,21.1929907550317
38.0000000000003,21.242524164822,21.2199367172882
38.1000000000003,21.2694243847297,21.2468485058037
38.2000000000003,21.2962905829442,21.2737262502701
38.3000000000003,21.3231228882794,21.300570079561
38.4000000000003,21.3499214287381,21.327380121739
38.5000000000003,21.3766863315194,21.3541565040627
38.6000000000003,21.4034177230254,21.380899352994
38.7000000000003,21.4301157288684,21.4076087942049
38.8000000000003,21.4567804738776,21.4342849525841
38.9000000000003,21.4834120821063,21.4609279522446
39.0000000000003,21.5100106768381,21.4875379165294
39.1000000000003,21.536576380594,21.5141149680192
39.2000000000003,21.563109315139,21.5406592285381
39.3000000000003,21.5896096014881,21.5671708191608
39.4000000000003,21.6160773599134,21.5936498602186
39.5000000000003,21.6425127099501,21.6200964713059
39.6000000000003,21.6689157704027,21.6465107712867
39.7000000000003,21.6952866593518,21.6728928783005
39.8000000000003,21.7216254941596,21.6992429097687
39.9000000000003,21.7479323914764,21.7255609824005
40.0000000000003,21.7742074672465,21.7518472121993
40.1000000000003,21.8004508367142,21.7781017144681
40.2000000000003,21.8266626144296,21.804324603816
40.3000000000003,21.8528429142548,21.8305159941636
40.4000000000003,21.8789918493691,21.856675998749
40.5000000000003,21.9051095322753,21.8828047301333
40.6000000000003,21.9311960748049,21.9089023002067
40.7000000000003,21.9572515881238,21.9349688201935
40.8000000000003,21.9832761827383,21.9610044006579
40.9000000000003,22.0092699684997,21.9870091515098
41.0000000000003,22.0352330546106,22.0129831820095
41.1000000000003,22.0611655496294,22.0389266007737
41.2000000000003,22.0870675614766,22.0648395157805
41.3000000000003,22.1129391974391,22.0907220343746
41.4000000000003,22.1387805641758,22.1165742632728
41.5000000000003,22.164591767723,22.1423963085687
41.6000000000003,22.190372913499,22.1681882757382
41.7000000000003,22.2161241063093,22.193950269644
41.8000000000003,22.2418454503518,22.2196823945413
41.9000000000003,22.2675370492213,22.2453847540821
42.0000000000003,22.2931990059148,22.2710574513202
42.1000000000003,22.3188314228361,22.2967005887163
42.2000000000003,22.3444344018005,22.3223142681425
42.3000000000003,22.3700080440397,22.3478985908871
42.4000000000003,22.3955524502063,22.3734536576594
42.5000000000003,22.4210677203788,22.398979568594
42.6000000000003,22.4465539540656,22.4244764232556
42.7000000000003,22.4720112502099,22.4499443206437
42.8000000000003,22.4974397071943,22.4753833591968
42.9000000000003,22.5228394228449,22.5007936367969
43.0000000000003,22.5482104944358,22.5261752507738
43.1000000000003,22.5735530186938,22.5515282979099
43.2000000000003,22.598867091802,22.576852874444
43.3000000000003,22.6241528094049,22.6021490760756
43.4000000000003,22.6494102666119,22.6274169979696
43.5000000000003,22.674639558002,22.6526567347599
43.6000000000004,22.6998407776274,22.6778683805537
43.7000000000004,22.7250140190182,22.703052028936
43.8000000000004,22.7501593751861,22.7282077729731
43.9000000000004,22.7752769386284,22.7533357052167
44.0000000000004,22.8003668013321,22.7784359177084
44.1000000000004,22.8254290547777,22.8035085019829
44.2000000000004,22.8504637899434,22.8285535490723
44.3000000000004,22.8754710973084,22.8535711495101
44.4000000000004,22.9004510668574,22.8785613933345
44.5000000000004,22.9254037880837,22.9035243700928
44.6000000000004,22.9503293499936,22.9284601688445
44.7000000000004,22.9752278411095,22.9533688781657
44.8000000000004,23.0000993494741,22.9782505861522
44.9000000000004,23.0249439626536,23.0031053804233
45.0000000000004,23.0497617677417,23.0279333481257
45.1000000000004,23.0745528513627,23.0527345759364
45.2000000000004,23.0993172996755,23.0775091500671
45.3000000000004,23.1240551983768,23.102257156267
45.4000000000004,23.1487666327047,23.1269786798264
45.5000000000004,23.1734516874419,23.1516738055805
45.6000000000004,23.1981104469196,23.1763426179124
45.7000000000004,23.2227429950203,23.2009852007564
45.8000000000004,23.2473494151814,23.2256016376019
45.9000000000004,23.2719297903985,23.250192011496
46.0000000000004,23.2964842032287,23.2747564050473
46.1000000000004,23.3210127357937,23.2992949004288
46.2000000000004,23.3455154697831,23.3238075793813
46.3000000000004,23.3699924864576,23.3482945232165
46.4000000000004,23.3944438666521,23.3727558128202
46.5000000000004,23.4188696907788,23.3971915286552
46.6000000000004,23.4432700388303,23.4216017507649
46.7000000000004,23.4676449903828,23.4459865587757
46.8000000000004,23.4919946245989,23.4703460319005
46.9000000000004,23.5163190202306,23.4946802489416
47.0000000000004,23.5406182556228,23.5189892882934
47.1000000000004,23.5648924087152,23.543273227946
47.2000000000004,23.5891415570465,23.5675321454873
47.3000000000004,23.6133657777561,23.5917661181064
47.4000000000004,23.6375651475879,23.6159752225965
47.5000000000004,23.6617397428924,23.6401595353574
47.6000000000004,23.6858896396303,23.6643191323986
47.7000000000004,23.7100149133744,23.688454089342
47.8000000000004,23.734115639313,23.7125644814246
47.9000000000004,23.7581918922526,23.7366503835014
48.0000000000004,23.7822437466201,23.7607118700479
48.1000000000004,23.8062712764662,23.7847490151629
48.2000000000004,23.8302745554675,23.8087618925711
48.3000000000004,23.8542536569293,23.8327505756261
48.4000000000004,23.8782086537884,23.8567151373122
48.5000000000004,23.9021396186155,23.8806556502479
48.6000000000004,23.9260466236179,23.904572186688
48.7000000000004,23.9499297406417,23.9284648185259
48.8000000000004,23.9737890411748,23.9523336172969
48.9000000000004,23.9976245963491,23.9761786541798
49.0000000000004,24.0214364769431,24.0000000000001
49.1000000000004,24.0452247533843,24.023797725232
49.2000000000004,24.0689894957516,24.047571900001
49.3000000000004,24.0927307737779,24.0713225940864
49.4000000000004,24.116448656852,24.0950498769236
49.5000000000004,24.1401432140216,24.1187538176061
49.6000000000004,24.1638145139954,24.1424344848888
49.7000000000004,24.1874626251451,24.1660919471892
49.8000000000004,24.2110876155083,24.1897262725906
49.9000000000004,24.2346895527902,24.2133375288439
50.0000000000004,24.2582685043664,24.2369257833698
50.1000000000004,24.2818245372846,24.2604911032616
50.2000000000004,24.3053577182674,24.2840335552867
50.3000000000004,24.3288681137141,24.3075532058895
50.4000000000004,24.3523557897028,24.331050121193
50.5000000000004,24.3758208119932,24.3545243670013
50.6000000000004,24.399263246028,24.3779760088019
50.7000000000005,24.4226831569354,24.4014051117672
50.8000000000005,24.4460806095313,24.4248117407573
50.9000000000005,24.4694556683211,24.4481959603217
51.0000000000005,24.4928083975021,24.4715578347017
51.1000000000005,24.5161388609653,24.4948974278319
51.2000000000005,24.5394471222975,24.5182148033429
51.3000000000005,24.5627332447835,24.5415100245629
51.4000000000005,24.5859972914079,24.5647831545197
51.5000000000005,24.6092393248571,24.5880342559432
51.6000000000005,24.6324594075214,24.6112633912664
51.7000000000005,24.6556576014968,24.6344706226285
51.8000000000005,24.6788339685873,24.657656011876
51.9000000000005,24.7019885703061,24.6808196205649
52.0000000000005,24.7251214678784,24.7039615099627
52.1000000000005,24.7482327222426,24.7270817410502
52.2000000000005,24.7713223940524,24.7501803745232
52.3000000000005,24.7943905436787,24.7732574707948
52.4000000000005,24.8174372312116,24.7963130899968
52.5000000000005,24.8404625164618,24.8193472919818
52.6000000000005,24.8634664589629,24.8423601363249
52.7000000000005,24.8864491179727,24.8653516823253
52.8000000000005,24.9094105524755,24.8883219890088
52.9000000000005,24.9323508211834,24.9112711151285
53.0000000000005,24.9552699825383,24.9341991191675
53.1000000000005,24.9781680947137,24.9571060593401
53.2000000000005,25.0010452156163,24.9799919935937
53.3000000000005,25.0239014028877,25.0028569796106
53.4000000000005,25.0467367139061,25.0257010748095
53.5000000000005,25.0695512057881,25.0485243363472
53.6000000000005,25.0923449353901,25.0713268211205
53.7000000000005,25.1151179593103,25.0941085857675
53.8000000000005,25.1378703338902,25.1168696866697
53.9000000000005,25.1606021152161,25.1396101799532
54.0000000000005,25.1833133591208,25.1623301214904
54.1000000000005,25.2060041211854,25.1850295669018
54.2000000000005,25.2286744567404,25.2077085715576
54.3000000000005,25.2513244208679,25.2303671905788
54.4000000000005,25.2739540684026,25.2530054788394
54.5000000000005,25.2965634539337,25.2756234909675
54.6000000000005,25.3191526318064,25.2982212813472
54.7000000000005,25.3417216561232,25.3207989041196
54.8000000000005,25.3642705807457,25.3433564131849
54.9000000000005,25.3867994592959,25.3658938622036
55.0000000000005,25.4093083451579,25.3884113045979
55.1000000000005,25.4317972914789,25.4109087935534
55.2000000000005,25.4542663511713,25.4333863820206
55.3000000000005,25.4767155769139,25.4558441227158
55.4000000000005,25.499145021153,25.4782820681235
55.5000000000005,25.5215547361044,25.5007002704969
55.6000000000005,25.5439447737544,25.5230987818599
55.7000000000005,25.5663151858615,25.5454776540082
55.8000000000005,25.5886660239574,25.5678369385111
55.9000000000005,25.6109973393489,25.5901766867122
56.0000000000005,25.6333091831189,25.6124969497315
56.1000000000005,25.6556016061278,25.6347977784663
56.2000000000005,25.6778746590151,25.6570792235929
56.3000000000005,25.7001283922004,25.6793413355673
56.4000000000005,25.7223628558851,25.7015841646276
56.5000000000005,25.7445781000534,25.7238077607941
56.6000000000005,25.7667741744737,25.7460121738717
56.7000000000005,25.7889511287001,25.7681974534504
56.8000000000005,25.8111090120734,25.790363648907
56.9000000000005,25.8332478737225,25.8125108094064
57.0000000000005,25.8553677625658,25.8346389839026
57.1000000000005,25.8774687273123,25.8567482211402
57.2000000000005,25.8995508164629,25.8788385696556
57.3000000000005,25.9216140783117,25.9009100777781
57.4000000000005,25.943658560947,25.9229627936316
57.5000000000005,25.9656843122529,25.944996765135
57.6000000000005,25.9876913799102,25.9670120400042
57.7000000000006,26.0096798113978,25.9890086657529
57.8000000000006,26.0316496539938,26.0109866896939
57.9000000000006,26.0536009547767,26.0329461589404
58.0000000000006,26.0755337606265,26.054887120407
58.1000000000006,26.097448118226,26.0768096208107
58.2000000000006,26.119344074062,26.0987137066727
58.3000000000006,26.1412216744262,26.1205994243187
58.4000000000006,26.1630809654167,26.142466819881
58.5000000000006,26.1849219929388,26.1643159392986
58.6000000000006,26.2067448027063,26.1861468283192
58.7000000000006,26.2285494402426,26.2079595324998
58.8000000000006,26.2503359508817,26.2297540972081
58.9000000000006,26.2721043797695,26.2515305676234
59.0000000000006,26.2938547718648,26.2732889887376
59.1000000000006,26.3155871719403,26.2950294053568
59.2000000000006,26.3373016245837,26.3167518621017
59.3000000000006,26.3589981741989,26.3384564034093
59.4000000000006,26.380676865007,26.3601430735334
59.5000000000006,26.4023377410471,26.381811916546
59.6000000000006,26.4239808461779,26.4034629763382
59.7000000000006,26.4456062240782,26.4250962966215
59.8000000000006,26.4672139182482,26.4467119209284
59.9000000000006,26.4888039720103,26.4683098926138
60.0000000000006,26.5103764285105,26.4898902548556
60.1000000000006,26.5319313307191,26.5114530506562
60.2000000000006,26.5534687214316,26.5329983228433
60.3000000000006,26.5749886432702,26.5545261140707
60.4000000000006,26.5964911386842,26.5760364668195
60.5000000000006,26.6179762499513,26.597529423399
60.6000000000006,26.6394440191785,26.6190050259478
60.7000000000006,26.660894488303,26.6404633164345
60.8000000000006,26.6823276990934,26.6619043366589
60.9000000000006,26.7037436931503,26.6833281282528
61.0000000000006,26.7251425119075,26.7047347326811
61.1000000000006,26.7465241966328,26.7261241912426
61.2000000000006,26.7678887884291,26.7474965450709
61.3000000000006,26.7892363282349,26.7688518351355
61.4000000000006,26.8105668568258,26.7901901022425
61.5000000000006,26.8318804148151,26.8115113870358
61.6000000000006,26.8531770426546,26.8328157299976
61.7000000000006,26.8744567806357,26.8541031714497
61.8000000000006,26.8957196688903,26.8753737515541
61.9000000000006,26.9169657473914,26.896627510314
62.0000000000006,26.9381950559543,26.9178644875747
62.1000000000006,26.9594076342373,26.9390847230245
62.2000000000006,26.9806035217428,26.9602882561954
62.3000000000006,27.0017827578176,26.9814751264642
62.4000000000006,27.0229453816545,27.0026453730531
62.5000000000006,27.0440914322925,27.0237990350306
62.6000000000006,27.065220948618,27.0449361513127
62.7000000000006,27.0863339693657,27.0660567606631
62.8000000000006,27.107430533119,27.0871609016946
62.9000000000006,27.1285106783113,27.1082486128697
63.0000000000006,27.1495744432266,27.1293199325012
63.1000000000006,27.1706218660001,27.1503748987535
63.2000000000006,27.1916529846196,27.171413549643
63.3000000000006,27.2126678369256,27.1924359230389
63.4000000000006,27.2336664606127,27.2134420566645
63.5000000000006,27.2546488932299,27.2344319880972
63.6000000000006,27.2756151721817,27.25540575477
63.7000000000006,27.2965653347287,27.2763633939718
63.8000000000006,27.3174994179887,27.2973049428486
63.9000000000006,27.3384174589369,27.3182304384036
64.0000000000006,27.3593194944072,27.3391399174988
64.1000000000006,27.3802055610927,27.3600334168552
64.2000000000006,27.4010756955463,27.3809109730537
64.3000000000006,27.421929934182,27.4017726225358
64.4000000000006,27.4427683132749,27.4226184016043
64.5000000000006,27.4635908689626,27.4434483464244
64.6000000000006,27.4843976372456,27.4642624930239
64.7000000000006,27.5051886539879,27.4850608772944
64.8000000000006,27.5259639549181,27.5058435349915
64.9000000000006,27.5467235756299,27.5266105017362
65.0000000000006,27.5674675515826,27.5473618130149
65.1000000000006,27.5881959181022,27.5680975041806
65.2000000000006,27.6089087103821,27.5888176104534
65.3000000000006,27.6296059634834,27.6095221669213
65.4000000000006,27.6502877123358,27.6302112085409
65.5000000000006,27.6709539917385,27.6508847701377
65.6000000000005,27.6916048363606,27.6715428864075
65.7000000000005,27.7122402807419,27.6921855919165
65.8000000000005,27.7328603592935,27.7128129211021
65.9000000000005,27.7534651062985,27.7334249082738
66.0000000000005,27.7740545559128,27.7540215876136
66.1000000000005,27.7946287421656,27.7746029931767
66.2000000000005,27.81518769896,27.7951691588922
66.3000000000005,27.835731460074,27.8157201185641
66.4000000000005,27.8562600591607,27.8362559058712
66.5000000000005,27.8767735297492,27.8567765543683
66.6000000000005,27.8972719052452,27.8772820974869
66.7000000000005,27.9177552189315,27.8977725685353
66.8000000000005,27.938223503969,27.9182480006998
66.9000000000005,27.9586767933969,27.938708427045
67.0000000000005,27.9791151201336,27.9591538805145
67.1000000000005,27.9995385169771,27.9795843939317
67.2000000000005,28.0199470166059,28.0000000000001
67.3000000000005,28.0403406515792,28.020400731304
67.4000000000004,28.060719454338,28.0407866203093
67.5000000000004,28.0810834572054,28.061157699364
67.6000000000004,28.1014326923871,28.0815140006986
67.7000000000004,28.1217671919724,28.1018555564271
67.8000000000004,28.1420869879343,28.122182398547
67.9000000000004,28.1623921121304,28.1424945589407
68.0000000000004,28.1826825963035,28.1627920693752
68.1000000000004,28.2029584720821,28.1830749615034
68.2000000000004,28.2232197709807,28.2033432668642
68.3000000000004,28.2434665244009,28.2235970168835
68.4000000000004,28.2636987636317,28.2438362428741
68.5000000000004,28.28391651985,28.2640609760372
68.6000000000004,28.3041198241211,28.284271247462
68.7000000000004,28.3243087073995,28.3044670881269
68.8000000000004,28.3444832005295,28.3246485289
68.9000000000004,28.3646433342453,28.3448156005393
69.0000000000004,28.3847891391721,28.3649683336935
69.1000000000004,28.4049206458261,28.3851067589025
69.2000000000003,28.4250378846156,28.4052309065979
69.3000000000003,28.445140885841,28.4253408071039
69.4000000000003,28.4652296796959,28.445436490637
69.5000000000003,28.485304296267,28.4655179873073
69.6000000000003,28.5053647655352,28.485585327119
69.7000000000003,28.5254111173756,28.5056385399702
69.8000000000003,28.5454433815584,28.5256776556542
69.9000000000003,28.5654615877495,28.5457027038598
70.0000000000003,28.5854657655106,28.5657137141715
70.1000000000003,28.6054559442999,28.5857107160704
70.2000000000003,28.6254321534728,28.6056937389345
70.3000000000003,28.6453944222821,28.6256628120394
70.4000000000003,28.6653427798786,28.6456179645584
70.5000000000003,28.6852772553117,28.6655592255635
70.6000000000003,28.70519787753,28.6854866240255
70.7000000000003,28.7251046753812,28.7054001888147
70.8000000000003,28.7449976776135,28.7252999487013
70.9000000000002,28.7648769128751,28.745185932356
71.0000000000002,28.7847424097155,28.7650581683503
71.1000000000002,28.8045941965857,28.784916685157
71.2000000000002,28.8244323018382,28.804761511151
71.3000000000002,28.8442567537283,28.8245926746094
71.4000000000002,28.8640675804141,28.844410203712
71.5000000000002,28.8838648099569,28.8642141265419
71.6000000000002,28.9036484703219,28.884004471086
71.7000000000002,28.9234185893785,28.9037812652354
71.8000000000002,28.9431751949009,28.9235445367858
71.9000000000002,28.9629183145683,28.9432943134379
72.0000000000002,28.9826479759658,28.9630306227982
72.1000000000002,29.0023642065843,28.9827534923789
72.2000000000002,29.0220670338213,29.0024629495989
72.3000000000002,29.0417564849815,29.022159021784
72.4000000000002,29.0614325872766,29.041841736167
72.5000000000002,29.0810953678265,29.061511119889
72.6000000000002,29.1007448536591,29.0811671999988
72.7000000000001,29.1203810717114,29.1008100034543
72.8000000000001,29.140004048829,29.1204395571221
72.9000000000001,29.1596138117677,29.1400558877786
73.0000000000001,29.1792103871928,29.1596590221099
73.1000000000001,29.1987938016802,29.1792489867127
73.2000000000001,29.2183640817168,29.1988258080942
73.3000000000001,29.2379212537005,29.2183895126731
73.4000000000001,29.257465343941,29.2379401267795
73.5000000000001,29.2769963786602,29.2574776766556
73.6000000000001,29.2965143839924,29.277002188456
73.7000000000001,29.3160193859847,29.2965136882482
73.8000000000001,29.3355114105978,29.316012202013
73.9000000000001,29.3549904837058,29.3354977556446
74.0000000000001,29.3744566310972,29.3549703749516
74.1000000000001,29.3939098784749,29.3744300856569
74.2000000000001,29.4133502514566,29.3938769133981
74.3000000000001,29.4327777755755,29.4133108837284
74.4,29.4521924762805,29.4327320221164
74.5,29.4715943789364,29.4521403539466
74.6,29.4909835088247,29.4715359045203
74.7,29.5103598911437,29.4909186990552
74.8,29.5297235510088,29.5102887626865
74.9,29.5490745134531,29.5296461204668
75,29.568412803428,29.5489907973666
75.1,29.5877384458027,29.5683228182749
75.2,29.6070514653657,29.5876422079991
75.3,29.6263518868243,29.606948991266
75.4,29.6456397348055,29.6262431927216
75.5,29.6649150338559,29.6455248369318
75.6,29.6841778084425,29.6647939483826
75.7,29.7034280829529,29.6840505514806
75.8,29.7226658816956,29.7032946705532
75.9,29.7418912289004,29.7225263298491
76,29.7611041487189,29.7417455535385
76.1,29.7803046652243,29.7609523657138
76.1999999999999,29.7994928024127,29.7801467903894
76.2999999999999,29.8186685842026,29.7993288515027
76.3999999999999,29.8378320344356,29.8184985729137
76.4999999999999,29.8569831768769,29.8376559784061
76.5999999999999,29.8761220352151,29.8568010916871
76.6999999999999,29.8952486330632,29.8759339363881
76.7999999999999,29.9143629939585,29.8950545360647
76.8999999999999,29.9334651413632,29.9141629141974
76.9999999999999,29.9525550986645,29.9332590941915
77.0999999999999,29.9716328891751,29.952343099378
77.1999999999999,29.9906985361334,29.9714149530134
77.2999999999999,30.009752062704,29.9904746782803
77.3999999999999,30.0287934919779,30.0095222982877
77.4999999999999,30.0478228469728,30.0285578360714
77.5999999999999,30.0668401506337,30.047581314594
77.6999999999999,30.0858454258327,30.0665927567458
77.7999999999999,30.1048386953699,30.0855921853444
77.8999999999998,30.1238199819734,30.1045796231356
77.9999999999998,30.1427893082996,30.1235550927936
78.0999999999998,30.1617466969335,30.142518616921
78.1999999999998,30.1806921703894,30.1614702180494
78.2999999999998,30.1996257511105,30.18040991864
78.3999999999998,30.2185474614701,30.199337741083
78.4999999999998,30.2374573237709,30.2182537076988
78.5999999999998,30.2563553602464,30.2371578407381
78.6999999999998,30.2752415930601,30.2560501623819
78.7999999999998,30.2941160443067,30.2749306947419
78.8999999999998,30.312978736012,30.2937994598611
78.9999999999998,30.3318296901332,30.3126564797139
79.0999999999998,30.3506689285592,30.3315017762062
79.1999999999998,30.369496473111,30.350335371176
79.2999999999998,30.3883123455419,30.3691572863936
79.3999999999998,30.4071165675378,30.3879675435619
79.4999999999998,30.4259091607178,30.4067661643165
79.5999999999998,30.4446901466338,30.4255531702266
79.6999999999997,30.4634595467714,30.4443285827942
79.7999999999997,30.4822173825501,30.4630924234556
79.8999999999997,30.5009636753232,30.4818447135808
79.9999999999997,30.5196984463787,30.5005854744743
80.0999999999997,30.538421716939,30.519314727375
80.1999999999997,30.5571335081613,30.5380324934568
80.2999999999997,30.5758338411384,30.5567387938288
80.3999999999997,30.5945227368983,30.5754336495354
80.4999999999997,30.6132002164048,30.5941170815567
80.5999999999997,30.6318663005577,30.6127891108088
80.6999999999997,30.6505210101931,30.6314497581442
80.7999999999997,30.6691643660838,30.6500990443517
80.8999999999997,30.6877963889394,30.668736990157
80.9999999999997,30.7064170994064,30.6873636162229
81.0999999999997,30.7250265180689,30.7059789431495
81.1999999999997,30.7436246654486,30.7245829914744
81.2999999999997,30.7622115620051,30.7431757816731
81.3999999999997,30.7807872281361,30.7617573341594
81.4999999999996,30.7993516841779,30.7803276692853
81.5999999999996,30.8179049504053,30.7988868073413
81.6999999999996,30.8364470470322,30.8174347685573
81.7999999999996,30.8549779942116,30.8359715731017
81.8999999999996,30.873497812036,30.854497241083
81.9999999999996,30.8920065205376,30.8730117925487
82.0999999999996,30.9105041396887,30.8915152474868
82.1999999999996,30.9289906894016,30.9100076258251
82.2999999999996,30.9474661895292,30.928488947432
82.3999999999996,30.9659306598651,30.9469592321165
82.4999999999996,30.9843841201439,30.9654184996286
82.5999999999996,31.0028265900414,30.9838667696593
82.6999999999996,31.0212580891749,31.0023040618412
82.7999999999996,31.0396786371032,31.0207303957484
82.8999999999996,31.0580882533273,31.0391457908971
82.9999999999996,31.0764869572903,31.0575502667455
83.0999999999996,31.0948747683776,31.0759438426942
83.1999999999995,31.1132517059175,31.0943265380863
83.2999999999995,31.1316177891809,31.112698372208
83.3999999999995,31.1499730373822,31.1310593642885
83.4999999999995,31.168317469679,31.1494095335001
83.5999999999995,31.1866511051723,31.1677488989591
83.6999999999995,31.2049739629072,31.1860774797252
83.7999999999995,31.2232860618728,31.2043952948023
83.8999999999995,31.2415874210025,31.2227023631385
83.9999999999995,31.2598780591743,31.2409987036265
84.0999999999995,31.2781579952107,31.2592843351036
84.1999999999995,31.2964272478795,31.2775592763519
84.2999999999995,31.3146858358935,31.295823546099
84.3999999999995,31.3329337779109,31.3140771630176
84.4999999999995,31.3511710925358,31.3323201457262
84.5999999999995,31.369397798318,31.3505525127889
84.6999999999995,31.3876139137532,31.3687742827161
84.7999999999995,31.4058194572838,31.3869854739644
84.8999999999995,31.4240144472985,31.4051861049367
84.9999999999994,31.4421989021328,31.4233761939828
85.0999999999994,31.4603728400691,31.4415557593994
85.1999999999994,31.4785362793371,31.4597248194303
85.2999999999994,31.4966892381137,31.4778833922666
85.3999999999994,31.5148317345237,31.4960314960471
85.4999999999994,31.5329637866394,31.5141691488583
85.5999999999994,31.5510854124814,31.5322963687345
85.6999999999994,31.5691966300182,31.5504131736585
85.7999999999994,31.5872974571671,31.5685195815613
85.8999999999994,31.6053879117938,31.5866156103227
85.9999999999994,31.6234680117129,31.6047012777709
86.0999999999994,31.6415377746882,31.6227766016837
86.1999999999994,31.6595972184326,31.6408415997876
86.2999999999994,31.6776463606085,31.6588962897589
86.3999999999994,31.6956852188281,31.6769406892232
86.4999999999994,31.7137138106533,31.6949748157562
86.5999999999994,31.731732153596,31.7129986868836
86.6999999999993,31.7497402651187,31.731012320081
86.7999999999993,31.7677381626339,31.749015732775
86.8999999999993,31.7857258635053,31.7670089423422
86.9999999999993,31.8037033850469,31.7849919661105
87.0999999999993,31.8216707445242,31.8029648213585
87.1999999999993,31.8396279591537,31.8209275253161
87.2999999999993,31.8575750461034,31.8388800951647
87.3999999999993,31.8755120224929,31.8568225480373
87.4999999999993,31.8934389053937,31.8747549010183
87.5999999999993,31.9113557118291,31.8926771711446
87.6999999999993,31.9292624587749,31.9105893754049
87.7999999999993,31.947159163159,31.9284915307404
87.8999999999993,31.9650458418622,31.9463836540448
87.9999999999993,31.9829225117176,31.9642657621644
88.0999999999993,32.0007891895116,31.9821378718987
88.1999999999993,32.0186458919837,31.9999999999999
88.2999999999993,32.0364926358265,32.0178521631737
88.3999999999993,32.0543294376863,32.0356943780794
88.4999999999992,32.072156314163,32.0535266613295
88.5999999999992,32.0899732818103,32.0713490294908
88.6999999999992,32.107780357136,32.0891614990837
88.7999999999992,32.1255775566021,32.1069640865831
88.8999999999992,32.1433648966249,32.1247568084179
88.9999999999992,32.1611423935754,32.1425396809718
89.0999999999992,32.1789100637793,32.1603127205832
89.1999999999992,32.1966679235171,32.1780759435452
89.2999999999992,32.2144159890245,32.1958293661061
89.3999999999992,32.2321542764926,32.2135730044694
89.4999999999992,32.2498828020676,32.2313068747939
89.5999999999992,32.2676015818516,32.2490309931941
89.6999999999992,32.2853106319023,32.2667453757401
89.7999999999992,32.3030099682334,32.2844500384582
89.8999999999992,32.3206996068147,32.3021449973305
89.9999999999992,32.3383795635725,32.3198302682953
90.0999999999992,32.3560498543892,32.3375058672477
90.1999999999992,32.373710495104,32.3551718100389
90.2999999999991,32.3913615015129,32.3728281124771
90.3999999999991,32.4090028893688,32.3904747903276
90.4999999999991,32.4266346743817,32.4081118593124
90.5999999999991,32.4442568722189,32.4257393351109
90.6999999999991,32.4618694985053,32.4433572333601
90.7999999999991,32.4794725688231,32.4609655696542
90.8999999999991,32.4970660987124,32.4785643595454
90.9999999999991,32.5146501036712,32.4961536185437
91.0999999999991,32.5322245991558,32.5137333621171
91.1999999999991,32.5497896005804,32.5313036056919
91.2999999999991,32.5673451233177,32.5488643646527
91.3999999999991,32.5848911826991,32.5664156543427
91.4999999999991,32.6024277940146,32.5839574900637
91.5999999999991,32.6199549725131,32.6014898870762
91.6999999999991,32.6374727334024,32.6190128606
91.7999999999991,32.6549810918496,32.6365264258139
91.8999999999991,32.6724800629812,32.6540305978558
91.999999999999,32.689969661883,32.6715253918234
92.099999999999,32.7074499036005,32.6890108227737
92.199999999999,32.7249208031391,32.7064869057237
92.299999999999,32.7423823754639,32.72395365565
92.399999999999,32.7598346355003,32.7414110874896
92.499999999999,32.7772775981339,32.7588592161395
92.599999999999,32.7947112782105,32.7762980564569
92.699999999999,32.8121356905367,32.7937276232599
92.799999999999,32.8295508498795,32.8111479313269
92.899999999999,32.8469567709669,32.8285589953972
92.999999999999,32.8643534684879,32.8459608301711
93.099999999999,32.8817409570924,32.8633534503098
93.199999999999,32.8991192513918,32.8807368704359
93.299999999999,32.9164883659587,32.8981111051334
93.399999999999,32.9338483153274,32.9154761689476
93.499999999999,32.9511991139938,32.9328320763857
93.599999999999,32.9685407764156,32.9501788419164
93.699999999999,32.9858733170125,32.9675164799706
93.7999999999989,33.0031967501664,32.9848450049411
93.8999999999989,33.0205110902212,33.0021644311831
93.9999999999989,33.0378163514834,33.0194747730139
94.0999999999989,33.055112548222,33.0367760447135
94.1999999999989,33.0723996946686,33.0540682605246
94.2999999999989,33.0896778050175,33.0713514346522
94.3999999999989,33.1069468934262,33.0886255812648
94.4999999999989,33.1242069740149,33.1058907144935
94.5999999999989,33.1414580608674,33.1231468484328
94.6999999999989,33.1587001680306,33.1403939971404
94.7999999999989,33.1759333095148,33.1576321746375
94.8999999999989,33.1931574992941,33.1748613949089
94.9999999999989,33.2103727513062,33.1920816719029
95.0999999999989,33.2275790794528,33.2092930195319
95.1999999999989,33.2447764975994,33.2264954516721
95.2999999999989,33.2619650195758,33.2436889821639
95.3999999999989,33.2791446591759,33.2608736248118
95.4999999999988,33.2963154301582,33.2780493933848
95.5999999999988,33.3134773462455,33.2952163016163
95.6999999999988,33.3306304211253,33.3123743632043
95.7999999999988,33.34777466845,33.3295235918117
95.8999999999988,33.3649101018368,33.3466640010659
95.9999999999988,33.3820367348679,33.3637956045598
96.0999999999988,33.3991545810906,33.380918415851
96.1999999999988,33.4162636540176,33.3980324484626
96.2999999999988,33.433363967127,33.4151377158828
96.3999999999988,33.4504555338622,33.4322342315657
96.4999999999988,33.4675383676326,33.4493220089306
96.5999999999988,33.4846124818131,33.4664010613628
96.6999999999988,33.5016778897445,33.4834714022134
96.7999999999988,33.5187346047338,33.5005330447995
96.8999999999988,33.535782640054,33.5175860024041
96.9999999999988,33.5528220089443,33.5346302882768
97.0999999999988,33.5698527246104,33.5516659156333
97.1999999999988,33.5868748002243,33.5686928976558
97.2999999999987,33.603888248925,33.5857112474931
97.3999999999987,33.6208930838178,33.6027209782607
97.4999999999987,33.637889317975,33.6197221030409
97.5999999999987,33.654876964436,33.6367146348831
97.6999999999987,33.6718560362072,33.6536985868034
97.7999999999987,33.6888265462621,33.6706739717855
97.8999999999987,33.7057885075415,33.68764080278
97.9999999999987,33.7227419329539,33.7045990927052
98.0999999999987,33.7396868353751,33.7215488544468
98.1999999999987,33.7566232276486,33.7384901008581
98.2999999999987,33.7735511225857,33.7554228447602
98.3999999999987,33.7904705329656,33.772347098942
98.4999999999987,33.8073814715354,33.7892628761604
98.5999999999987,33.8242839510105,33.8061701891404
98.6999999999987,33.8411779840743,33.8230690505753
98.7999999999987,33.8580635833787,33.8399594731265
98.8999999999987,33.874940761544,33.8568414694239
98.9999999999987,33.891809531159,33.8737150520659
99.0999999999986,33.9086699047812,33.8905802336197
99.1999999999986,33.9255218949369,33.907437026621
99.2999999999986,33.9423655141213,33.9242854435746
99.3999999999986,33.9592007747984,33.9411254969541
99.4999999999986,33.9760276894015,33.9579571992021
99.5999999999986,33.9928462703332,33.9747805627306
99.6999999999986,34.009656529965,33.9915955999208
99.7999999999986,34.0264584806382,34.0084023231232
99.8999999999986,34.0432521346634,34.0252007446579
99.9999999999986,34.0600375043211,34.0419908768146
100.099999999999,34.0768146018611,34.0587727318526
100.199999999999,34.0935834395035,34.0755463220011
100.299999999999,34.1103440294381,34.0923116594592
100.399999999999,34.1270963838246,34.1090687563961
100.499999999999,34.1438405147932,34.1258176249509
100.599999999999,34.1605764344441,34.1425582772333
100.699999999999,34.1773041548479,34.1592907253228
100.799999999999,34.1940236880457,34.1760149812699
100.899999999999,34.2107350460492,34.1927310570952
100.999999999999,34.2274382408405,34.2094389647901
101.099999999999,34.2441332843728,34.2261387163167
101.199999999999,34.2608201885698,34.2428303236081
101.299999999999,34.2774989653266,34.259513798568
101.399999999999,34.2941696265089,34.2761891530714
101.499999999999,34.3108321839539,34.2928563989642
101.599999999999,34.3274866494697,34.3095155480639
101.699999999998,34.3441330348362,34.326166612159
101.799999999998,34.3607713518043,34.3428096030094
101.899999999998,34.3774016120967,34.3594445323467
101.999999999998,34.3940238274077,34.3760714118741
102.099999999998,34.4106380094033,34.3926902532664
102.199999999998,34.4272441697213,34.4093010681703
102.299999999998,34.4438423199714,34.4259038682042
102.399999999998,34.4604324717356,34.4424986649589
102.499999999998,34.4770146365676,34.4590854699969
102.599999999998,34.4935888259936,34.4756642948531
102.699999999998,34.5101550515119,34.4922351510346
102.799999999998,34.5267133245934,34.5087980500209
102.899999999998,34.5432636566814,34.5253530032639
102.999999999998,34.5598060591917,34.5419000221881
103.099999999998,34.5763405435129,34.5584391181907
103.199999999998,34.5928671210062,34.5749703026417
103.299999999998,34.6093858030059,34.5914935868836
103.399999999998,34.625896600819,34.6080089822322
103.499999999998,34.6423995257256,34.6245164999762
103.599999999998,34.6588945889791,34.6410161513773
103.699999999998,34.6753818018059,34.6575079476704
103.799999999998,34.6918611754057,34.6739919000639
103.899999999998,34.7083327209518,34.6904680197393
103.999999999998,34.7247964495907,34.7069363178517
104.099999999998,34.7412523724428,34.7233968055297
104.199999999998,34.7577005006019,34.7398494938755
104.299999999998,34.7741408451355,34.7562943939653
104.399999999998,34.7905734170853,34.7727315168486
104.499999999998,34.8069982274665,34.7891608735493
104.599999999998,34.8234152872685,34.805582475065
104.699999999998,34.8398246074548,34.8219963323674
104.799999999998,34.856226198963,34.8384024564024
104.899999999998,34.872620072705,34.8548008580902
104.999999999998,34.889006239567,34.8711915483251
105.099999999998,34.9053847104098,34.8875745379761
105.199999999998,34.9217554960685,34.9039498378865
105.299999999998,34.9381186073529,34.9203174588742
105.399999999998,34.9544740550475,34.9366774117318
105.499999999998,34.9708218499114,34.9530297072266
105.599999999998,34.9871620026788,34.9693743561008
105.699999999998,35.0034945240586,34.9857113690715
105.799999999998,35.0198194247349,35.0020407568307
105.899999999998,35.0361367153668,35.0183625300455
105.999999999998,35.0524464065885,35.0346766993582
106.099999999998,35.0687485090095,35.0509832753863
106.199999999998,35.0850430332148,35.0672822687226
106.299999999998,35.1013299897646,35.0835736899353
106.399999999998,35.1176093891946,35.0998575495682
106.499999999998,35.1338812420162,35.1161338581404
106.599999999998,35.1501455587165,35.1324026261469
106.699999999998,35.166402349758,35.1486638640582
106.799999999998,35.1826516255794,35.1649175823207
106.899999999998,35.1988933965952,35.1811637913567
106.999999999998,35.2151276731956,35.1974025015643
107.099999999998,35.2313544657471,35.2136337233177
107.199999999998,35.2475737845923,35.2298574669674
107.299999999998,35.26378564005,35.2460737428397
107.399999999998,35.2799900424151,35.2622825612374
107.499999999998,35.296187001959,35.2784839324397
107.599999999998,35.3123765289297,35.294677866702
107.699999999998,35.3285586335513,35.3108643742563
107.799999999998,35.3447333260248,35.3270434653111
107.899999999998,35.3609006165276,35.3432151500516
107.999999999998,35.3770605152142,35.3593794386397
108.099999999998,35.3932130322155,35.375536341214
108.199999999998,35.4093581776395,35.39168586789
108.299999999998,35.4254959615712,35.4078280287603
108.399999999998,35.4416263940723,35.4239628338943
108.499999999998,35.4577494851821,35.4400902933384
108.599999999998,35.4738652449165,35.4562104171164
108.699999999998,35.4899736832692,35.4723232152293
108.799999999998,35.5060748102108,35.4884286976551
108.899999999998,35.5221686356895,35.5045268743495
108.999999999998,35.5382551696309,35.5206177552455
109.099999999998,35.554334421938,35.5367013502537
109.199999999998,35.5704064024917,35.552777669262
109.299999999998,35.5864711211503,35.5688467221364
109.399999999998,35.60252858775,35.5849085187203
109.499999999998,35.6185788121047,35.6009630688349
109.599999999998,35.6346218040063,35.6170103822795
109.699999999998,35.6506575732245,35.6330504688311
109.799999999998,35.6666861295073,35.6490833382448
109.899999999998,35.6827074825804,35.6651090002537
109.999999999998,35.6987216421479,35.6811274645692
110.099999999998,35.7147286178922,35.6971387408808
110.199999999998,35.7307284194739,35.7131428388562
110.299999999998,35.7467210565318,35.7291397681417
110.399999999998,35.7627065386835,35.7451295383618
110.499999999998,35.7786848755247,35.7611121591194
110.599999999998,35.7946560766299,35.7770876399963
110.699999999998,35.8106201515523,35.7930559905526
110.799999999998,35.8265771098237,35.8090172203272
110.899999999998,35.8425269609545,35.8249713388378
110.999999999998,35.8584697144342,35.8409183555808
111.099999999998,35.8744053797311,35.8568582800315
111.199999999998,35.8903339662925,35.8727911216443
111.299999999998,35.9062554835446,35.8887168898524
111.399999999998,35.9221699408928,35.9046355940683
111.499999999998,35.9380773477218,35.9205472436834
111.599999999998,35.9539777133952,35.9364518480685
111.699999999998,35.9698710472562,35.9523494165737
111.799999999998,35.9857573586271,35.9682399585282
111.899999999998,36.0016366568098,35.9841234832408
111.999999999998,36.0175089510856,35.9999999999997
112.099999999998,36.0333742507155,36.0158695180726
112.199999999998,36.0492325649397,36.031732046707
112.299999999998,36.0650839029786,36.0475875951297
112.399999999998,36.0809282740319,36.0634361725475
112.499999999998,36.0967656872794,36.0792777881468
112.599999999998,36.1125961518806,36.095112451094
112.699999999998,36.1284196769748,36.1109401705352
112.799999999998,36.1442362716817,36.1267609555968
112.899999999998,36.1600459451005,36.1425748153848
112.999999999998,36.1758487063109,36.1583817589857
113.099999999998,36.1916445643727,36.1741817954657
113.199999999998,36.2074335283257,36.1899749338717
113.299999999998,36.2232156071903,36.2057611832305
113.399999999998,36.2389908099671,36.2215405525493
113.499999999998,36.2547591456369,36.2373130508159
113.599999999998,36.2705206231614,36.2530786869983
113.699999999998,36.2862752514824,36.2688374700451
113.799999999998,36.3020230395226,36.2845894088855
113.899999999998,36.3177639961852,36.3003345124292
113.999999999998,36.333498130354,36.3160727895668
114.099999999998,36.3492254508938,36.3318042491696
114.199999999998,36.3649459666501,36.3475289000894
114.299999999998,36.3806596864492,36.3632467511592
114.399999999998,36.3963666190984,36.3789578111928
114.499999999998,36.412066773386,36.394662088985
114.599999999998,36.4277601580814,36.4103595933116
114.699999999998,36.443446781935,36.4260503329296
114.799999999998,36.4591266536784,36.4417343165768
114.899999999998,36.4747997820244,36.4574115529728
114.999999999998,36.4904661756673,36.4730820508178
115.099999999998,36.5061258432823,36.4887458187938
115.199999999998,36.5217787935264,36.5044028655641
115.299999999998,36.5374250350378,36.5200531997731
115.399999999998,36.5530645764362,36.5356968300471
115.499999999998,36.5686974263231,36.5513337649938
115.599999999998,36.5843235932813,36.5669640132023
115.699999999998,36.5999430858755,36.5825875832436
115.799999999998,36.615555912652,36.5982044836703
115.899999999998,36.6311620821388,36.6138147230168
115.999999999998,36.646761602846,36.6294183097993
116.099999999998,36.6623544832653,36.6450152525158
116.199999999998,36.6779407318705,36.6606055596464
116.299999999998,36.6935203571174,36.6761892396529
116.399999999998,36.7090933674437,36.6917663009794
116.499999999998,36.7246597712692,36.707336752052
116.599999999998,36.7402195769962,36.7229006012788
116.699999999998,36.7557727930087,36.7384578570503
116.799999999998,36.7713194276733,36.7540085277391
116.899999999998,36.7868594893388,36.7695526217001
116.999999999998,36.8023929863364,36.7850901472707
117.099999999998,36.8179199269797,36.8006211127705
117.199999999998,36.8334403195646,36.8161455265016
117.299999999998,36.8489541723699,36.8316633967487
117.399999999998,36.8644614936566,36.8471747317791
117.499999999998,36.8799622916684,36.8626795398424
117.599999999998,36.8954565746319,36.8781778291712
117.699999999998,36.9109443507561,36.8936696079806
117.799999999998,36.926425628233,36.9091548844685
117.899999999998,36.9419004152373,36.9246336668158
117.999999999998,36.9573687199267,36.9401059631859
118.099999999998,36.9728305504417,36.9555717817254
118.199999999998,36.9882859149059,36.9710311305638
118.299999999998,37.0037348214257,36.9864840178135
118.399999999998,37.0191772780909,37.0019304515701
118.499999999998,37.0346132929741,37.0173704399122
118.599999999998,37.0500428741313,37.0328039909017
118.699999999998,37.0654660296016,37.0482311125835
118.799999999998,37.0808827674074,37.063651812986
118.899999999998,37.0962930955544,37.0790661001206
118.999999999998,37.1116970220319,37.0944739819824
119.099999999998,37.1270945548121,37.1098754665497
119.199999999998,37.1424857018513,37.1252705617843
119.299999999997,37.1578704710887,37.1406592756314
119.399999999997,37.1732488704476,37.1560416160199
119.499999999997,37.1886209078345,37.1714175908622
119.599999999997,37.2039865911397,37.1867872080543
119.699999999997,37.2193459282373,37.2021504754762
119.799999999997,37.2346989269851,37.2175074009911
119.899999999997,37.2500455952245,37.2328579924465
119.999999999997,37.2653859407811,37.2482022576734
120.099999999997,37.2807199714641,37.2635402044867
120.199999999997,37.2960476950667,37.2788718406855
120.299999999997,37.3113691193661,37.2941971740526
120.399999999997,37.3266842521237,37.3095162123549
120.499999999997,37.3419931010846,37.3248289633433
120.599999999997,37.3572956739784,37.3401354347528
120.699999999997,37.3725919785186,37.3554356343028
120.799999999997,37.3878820224031,37.3707295696966
120.899999999997,37.4031658133139,37.3860172486219
120.999999999997,37.4184433589174,37.4012986787506
121.099999999997,37.4337146668643,37.416573867739
121.199999999997,37.4489797447898,37.4318428232278
121.299999999997,37.4642386003133,37.4471055528419
121.399999999997,37.4794912410389,37.4623620641911
121.499999999997,37.4947376745551,37.4776123648692
121.599999999997,37.5099779084351,37.492856462455
121.699999999997,37.5252119502366,37.5080943645117
121.799999999997,37.5404398075019,37.523326078587
121.899999999997,37.5556614877581,37.5385516122136
121.999999999997,37.5708769985171,37.5537709729088
122.099999999997,37.5860863472755,37.5689841681744
122.199999999997,37.6012895415147,37.5841912054975
122.299999999997,37.616486588701,37.5993920923498
122.399999999997,37.6316774962857,37.6145868361878
122.499999999997,37.6468622717049,37.6297754444532
122.599999999997,37.6620409223798,37.6449579245724
122.699999999997,37.6772134557166,37.6601342839571
122.799999999997,37.6923798791067,37.675304530004
122.899999999997,37.7075401999265,37.6904686700948
122.999999999997,37.7226944255376,37.7056267115964
123.099999999997,37.7378425632868,37.720778661861
123.199999999997,37.7529846205061,37.735924528226
123.299999999997,37.768120604513,37.7510643180139
123.399999999997,37.7832505226102,37.7661980385329
123.499999999997,37.7983743820856,37.7813256970761
123.599999999997,37.8134921902128,37.7964473009223
123.699999999997,37.8286039542507,37.8115628573358
123.799999999997,37.8437096814438,37.8266723735661
123.899999999997,37.858809379022,37.8417758568486
123.999999999997,37.873903054201,37.8568733144039
124.099999999997,37.8889907141818,37.8719647534384
124.199999999997,37.9040723661514,37.8870501811442
124.299999999997,37.9191480172822,37.902129604699
124.399999999997,37.9342176747325,37.9172030312661
124.499999999997,37.9492813456464,37.9322704679948
124.599999999997,37.9643390371537,37.9473319220201
124.699999999997,37.9793907563703,37.9623874004629
124.799999999997,37.9944365103976,37.9774369104299
124.899999999997,38.0094763063233,37.9924804590137
124.999999999997,38.0245101512209,38.007518053293
125.099999999997,38.03953805215,38.0225497003325
125.199999999997,38.0545600161561,38.0375754071827
125.299999999997,38.069576050271,38.0525951808805
125.399999999997,38.0845861615124,38.0676090284486
125.499999999997,38.0995903568844,38.0826169568962
125.599999999997,38.1145886433771,38.0976189732185
125.699999999997,38.1295810279671,38.1126150843969
125.799999999997,38.1445675176169,38.1276052973991
125.899999999997,38.1595481192757,38.1425896191791
125.999999999997,38.1745228398789,38.1575680566774
126.099999999997,38.1894916863481,38.1725406168207
126.199999999997,38.2044546655918,38.1875073065221
126.299999999997,38.2194117845045,38.2024681326814
126.399999999997,38.2343630499675,38.2174231021846
126.499999999997,38.2493084688484,38.2323722219045
126.599999999997,38.2642480480017,38.2473154987002
126.699999999997,38.2791817942683,38.2622529394175
126.799999999997,38.2941097144756,38.2771845508891
126.899999999997,38.3090318154381,38.292110339934
126.999999999997,38.3239481039568,38.3070303133581
127.099999999997,38.3388585868193,38.3219444779541
127.199999999997,38.3537632708003,38.3368528405013
127.299999999997,38.3686621626612,38.351755407766
127.399999999997,38.3835552691502,38.3666521865013
127.499999999997,38.3984425970024,38.3815431834472
127.599999999997,38.4133241529402,38.3964284053306
127.699999999997,38.4281999436724,38.4113078588654
127.799999999997,38.4430699758952,38.4261815507525
127.899999999997,38.4579342562919,38.4410494876799
127.999999999997,38.4727927915325,38.4559116763224
128.099999999997,38.4876455882745,38.4707681233422
128.199999999997,38.5024926531623,38.4856188353887
128.299999999997,38.5173339928276,38.5004638190981
128.399999999997,38.5321696138895,38.5153030810941
128.499999999997,38.5469995229539,38.5301366279876
128.599999999997,38.5618237266143,38.5449644663768
128.699999999997,38.5766422314517,38.5597866028471
128.799999999997,38.591455044034,38.5746030439714
128.899999999997,38.6062621709167,38.5894137963098
128.999999999997,38.621063618643,38.6042188664099
129.099999999997,38.6358593937431,38.6190182608069
129.199999999997,38.650649502735,38.6338119860232
129.299999999997,38.6654339521241,38.648600048569
129.399999999997,38.6802127484034,38.6633824549419
129.499999999997,38.6949858980534,38.678159211627
129.599999999997,38.7097534075425,38.6929303250971
129.699999999997,38.7245152833264,38.7076958018128
129.799999999997,38.7392715318488,38.7224556482222
129.899999999997,38.7540221595409,38.7372098707611
129.999999999997,38.7687671728217,38.7519584758532
130.099999999997,38.7835065780981,38.7667014699098
130.199999999997,38.7982403817649,38.7814388593302
130.299999999997,38.8129685902044,38.7961706505013
130.399999999997,38.8276912097871,38.8108968497982
130.499999999997,38.8424082468713,38.8256174635837
130.599999999997,38.8571197078033,38.8403324982085
130.699999999997,38.8718255989173,38.8550419600114
130.799999999997,38.8865259265357,38.8697458553192
130.899999999997,38.9012206969687,38.8844441904467
130.999999999997,38.9159099165148,38.8991369716967
131.099999999997,38.9305935914605,38.9138242053602
131.199999999997,38.9452717280804,38.9285058977163
131.299999999997,38.9599443326373,38.9431820550323
131.399999999997,38.9746114113823,38.9578526835637
131.499999999997,38.9892729705547,38.972517789554
131.599999999997,39.003929016382,38.9871773792354
131.699999999997,39.01857955508,39.0018314588279
131.799999999997,39.0332245928529,39.0164800345402
131.899999999997,39.0478641358932,39.0311231125692
131.999999999997,39.0624981903818,39.0457606991001
132.099999999997,39.077126762488,39.0603928003067
132.199999999997,39.0917498583697,39.075019422351
132.299999999997,39.1063674841731,39.0896405713837
132.399999999997,39.1209796460329,39.1042562535438
132.499999999997,39.1355863500725,39.1188664749591
132.599999999997,39.1501876024037,39.1334712417457
132.699999999997,39.1647834091271,39.1480705600083
132.799999999997,39.1793737763317,39.1626644358405
132.899999999997,39.1939587100954,39.1772528753243
132.999999999997,39.2085382164845,39.1918358845304
133.099999999997,39.2231123015543,39.2064134695182
133.199999999997,39.2376809713486,39.220985636336
133.299999999997,39.2522442319003,39.2355523910207
133.399999999997,39.2668020892308,39.2501137395981
133.499999999997,39.2813545493504,39.2646696880828
133.599999999997,39.2959016182584,39.2792202424781
133.699999999997,39.3104433019428,39.2937654087765
133.799999999997,39.3249796063808,39.3083051929592
133.899999999997,39.3395105375382,39.3228396009962
133.999999999997,39.3540361013701,39.3373686388469
134.099999999997,39.3685563038204,39.3518923124593
134.199999999997,39.3830711508222,39.3664106277706
134.299999999997,39.3975806482974,39.380923590707
134.399999999997,39.4120848021572,39.3954312071839
134.499999999997,39.426583618302,39.4099334831057
134.599999999997,39.4410771026211,39.424430424366
134.699999999997,39.4555652609932,39.4389220368475
134.799999999997,39.4700480992861,39.4534083264221
134.899999999997,39.4845256233568,39.467889298951
134.999999999997,39.4989978390516,39.4823649602845
135.099999999997,39.5134647522061,39.4968353162625
135.199999999997,39.5279263686452,39.5113003727139
135.299999999997,39.5423826941833,39.5257601354569
135.399999999997,39.5568337346238,39.5402146102994
135.499999999997,39.5712794957599,39.5546638030383
135.599999999997,39.5857199833739,39.5691077194602
135.699999999997,39.6001552032377,39.583546365341
135.799999999997,39.6145851611128,39.5979797464462
135.899999999997,39.6290098627499,39.6124078685305
135.999999999997,39.6434293138896,39.6268307373385
136.099999999997,39.6578435202617,39.6412483586041
136.199999999997,39.6722524875858,39.6556607380509
136.299999999997,39.6866562215711,39.670067881392
136.399999999997,39.7010547279164,39.6844697943302
136.499999999997,39.71544801231,39.6988664825579
136.599999999997,39.7298360804303,39.7132579517573
136.699999999997,39.7442189379451,39.7276442076003
136.799999999997,39.7585965905119,39.7420252557482
136.899999999997,39.7729690437781,39.7564011018526
136.999999999997,39.787336303381,39.7707717515545
137.099999999996,39.8016983749474,39.7851372104848
137.199999999996,39.8160552640944,39.7994974842643
137.299999999996,39.8304069764285,39.8138525785036
137.399999999996,39.8447535175463,39.8282024988032
137.499999999996,39.8590948930345,39.8425472507536
137.599999999996,39.8734311084694,39.8568868399351
137.699999999996,39.8877621694176,39.871221271918
137.799999999996,39.9020880814355,39.8855505522627
137.899999999996,39.9164088500695,39.8998746865195
137.999999999996,39.9307244808562,39.9141936802288
138.099999999996,39.9450349793222,39.928507538921
138.199999999996,39.9593403509841,39.9428162681167
138.299999999996,39.9736406013489,39.9571198733266
138.399999999996,39.9879357359133,39.9714183600513
138.499999999996,40.0022257601647,39.9857117337819
138.599999999996,40.0165106795803,39.9999999999995
138.699999999996,40.0307904996277,40.0142831641755
138.799999999996,40.0450652257647,40.0285612317714
138.899999999996,40.0593348634393,40.0428342082392
138.999999999996,40.07359941809,40.0571020990209
139.099999999996,40.0878588951453,40.0713649095491
139.199999999996,40.1021133000245,40.0856226452465
139.299999999996,40.1163626381367,40.0998753115263
139.399999999996,40.1306069148819,40.114122913792
139.499999999996,40.1448461356503,40.1283654574376
139.599999999996,40.1590803058224,40.1426029478474
139.699999999996,40.1733094307694,40.1568353903963
139.799999999996,40.1875335158529,40.1710627904496
139.899999999996,40.201752566425,40.1852851533631
139.999999999996,40.2159665878282,40.199502484483
140.099999999996,40.2301755853959,40.2137147891464
140.199999999996,40.2443795644518,40.2279220726807
140.299999999996,40.2585785303102,40.2421243404039
140.399999999996,40.2727724882762,40.2563215976247
140.499999999996,40.2869614436453,40.2705138496424
140.599999999996,40.301145401704,40.2847011017471
140.699999999996,40.3153243677292,40.2988833592192
140.799999999996,40.3294983469888,40.3130606273304
140.899999999996,40.343667344741,40.3272329113426
140.999999999996,40.3578313662353,40.3414002165087
141.099999999996,40.3719904167116,40.3555625480724
141.199999999996,40.3861445014008,40.3697199112682
141.299999999996,40.4002936255245,40.3838723113213
141.399999999996,40.4144377942953,40.3980197534478
141.499999999996,40.4285770129165,40.4121622428547
141.599999999996,40.4427112865825,40.42629978474
141.699999999996,40.4568406204786,40.4404323842924
141.799999999996,40.4709650197807,40.4545600466917
141.899999999996,40.4850844896562,40.4686827771086
141.999999999996,40.4991990352631,40.4828005807046
142.099999999996,40.5133086617506,40.4969134626326
142.199999999996,40.5274133742587,40.5110214280363
142.299999999996,40.5415131779188,40.5251244820503
142.399999999996,40.5556080778532,40.5392226298005
142.499999999996,40.5696980791751,40.5533158764038
142.599999999996,40.5837831869891,40.5674042269683
142.699999999996,40.597863406391,40.581487686593
142.799999999996,40.6119387424673,40.5955662603683
142.899999999996,40.6260092002963,40.6096399533758
142.999999999996,40.6400747849471,40.623708770688
143.099999999996,40.65413550148,40.6377727173688
143.199999999996,40.6681913549468,40.6518317984735
143.299999999996,40.6822423503904,40.6658860190485
143.399999999996,40.6962884928451,40.6799353841313
143.499999999996,40.7103297873363,40.6939798987511
143.599999999996,40.724366238881,40.708019567928
143.699999999996,40.7383978524874,40.7220543966739
143.799999999996,40.7524246331551,40.7360843899917
143.899999999996,40.766446585875,40.7501095528759
143.999999999996,40.7804637156296,40.7641298903122
144.099999999996,40.7944760273927,40.7781454072779
144.199999999996,40.8084835261297,40.7921561087417
144.299999999996,40.8224862167972,40.8061619996639
144.399999999996,40.8364841043437,40.820163084996
144.499999999996,40.8504771937088,40.8341593696812
144.599999999996,40.8644654898239,40.8481508586543
144.699999999996,40.8784489976118,40.8621375568416
144.799999999996,40.8924277219872,40.8761194691607
144.899999999996,40.9064016678559,40.8900966005212
144.999999999996,40.9203708401158,40.9040689558241
145.099999999996,40.934335243656,40.918036539962
145.199999999996,40.9482948833577,40.9319993578194
145.299999999996,40.9622497640934,40.9459574142721
145.399999999996,40.9761998907276,40.9599107141878
145.499999999996,40.9901452681162,40.9738592624261
145.599999999996,41.0040859011071,40.9878030638378
145.699999999996,41.01802179454,41.0017421232661
145.799999999996,41.031952953246,41.0156764455454
145.899999999996,41.0458793820485,41.0296060355023
145.999999999996,41.0598010857623,41.043530897955
146.099999999996,41.0737180691942,41.0574510377135
146.199999999996,41.0876303371429,41.0713664595798
146.299999999996,41.1015378943989,41.0852771683477
146.399999999996,41.1154407457447,41.0991831688029
146.499999999996,41.1293388959546,41.1130844657229
146.599999999996,41.1432323497947,41.1269810638773
146.699999999996,41.1571211120235,41.1408729680276
146.799999999996,41.171005187391,41.1547601829271
146.899999999996,41.1848845806394,41.1686427133212
146.999999999996,41.1987592965029,41.1825205639474
147.099999999996,41.2126293397078,41.1963937395351
147.199999999996,41.2264947149722,41.2102622448058
147.299999999996,41.2403554270065,41.224126084473
147.399999999996,41.2542114805132,41.2379852632422
147.499999999996,41.2680628801866,41.2518397858112
147.599999999996,41.2819096307134,41.2656896568699
147.699999999996,41.2957517367725,41.2795348811
147.799999999996,41.3095892030347,41.2933754631758
147.899999999996,41.3234220341631,41.3072114077635
147.999999999996,41.3372502348129,41.3210427195215
148.099999999996,41.3510738096318,41.3348694031006
148.199999999996,41.3648927632595,41.3486914631435
148.299999999996,41.3787071003279,41.3625089042855
148.399999999996,41.3925168254612,41.3763217311538
148.499999999996,41.406321943276,41.3901299483682
148.599999999996,41.4201224583812,41.4039335605407
148.699999999996,41.4339183753779,41.4177325722754
148.799999999996,41.4477096988596,41.4315269881691
148.899999999996,41.4614964334121,41.4453168128106
148.999999999996,41.4752785836137,41.4591020507813
149.099999999996,41.489056154035,41.4728827066549
149.199999999996,41.5028291492391,41.4866587849975
149.299999999996,41.5165975737812,41.5004302903677
149.399999999996,41.5303614322095,41.5141972273164
149.499999999996,41.5441207290642,41.5279596003871
149.599999999996,41.5578754688782,41.5417174141156
149.699999999996,41.5716256561768,41.5554706730305
149.799999999996,41.5853712954778,41.5692193816525
149.899999999996,41.5991123912917,41.5829635444951
149.999999999996,41.6128489481215,41.5967031660643
150.099999999996,41.6265809704625,41.6104382508587
150.199999999996,41.6403084628029,41.6241688033693
150.299999999996,41.6540314296233,41.6378948280798
150.399999999996,41.6677498753971,41.6516163294667
150.499999999996,41.6814638045903,41.6653333119987
150.599999999996,41.6951732216613,41.6790457801376
150.699999999996,41.7088781310615,41.6927537383376
150.799999999996,41.7225785372348,41.7064571910456
150.899999999996,41.7362744446179,41.7201561427013
150.999999999996,41.7499658576401,41.733850597737
151.099999999996,41.7636527807235,41.7475405605779
151.199999999996,41.777335218283,41.7612260356416
151.299999999996,41.7910131747262,41.7749070273389
151.399999999996,41.8046866544535,41.7885835400731
151.499999999996,41.8183556618581,41.8022555782403
151.599999999996,41.8320202013261,41.8159231462296
151.699999999996,41.8456802772364,41.8295862484227
151.799999999996,41.8593358939606,41.8432448891944
151.899999999996,41.8729870558633,41.8568990729121
151.999999999996,41.886633767302,41.8705488039363
152.099999999996,41.9002760326271,41.8841940866201
152.199999999996,41.9139138561819,41.8978349253099
152.299999999996,41.9275472423025,41.9114713243448
152.399999999996,41.9411761953182,41.9251032880569
152.499999999996,41.9548007195511,41.9387308207711
152.599999999996,41.9684208193162,41.9523539268055
152.699999999996,41.9820364989218,41.9659726104711
152.799999999996,41.995647762669,41.9795868760718
152.899999999996,42.0092546148518,41.9931967279049
152.999999999996,42.0228570597575,42.0068021702602
153.099999999996,42.0364551016664,42.020403207421
153.199999999996,42.0500487448517,42.0339998436634
153.299999999996,42.0636379935799,42.0475920832567
153.399999999996,42.0772228521106,42.0611799304633
153.499999999996,42.0908033246964,42.0747633895387
153.599999999996,42.1043794155831,42.0883424647315
153.699999999996,42.1179511290096,42.1019171602835
153.799999999996,42.131518469208,42.1154874804297
153.899999999996,42.1450814404037,42.1290534293982
153.999999999996,42.1586400468151,42.1426150114103
154.099999999996,42.172194292654,42.1561722306806
154.199999999996,42.1857441821254,42.1697250914167
154.299999999996,42.1992897194273,42.1832735978198
154.399999999996,42.2128309087513,42.196817754084
154.499999999996,42.2263677542821,42.2103575643969
154.599999999996,42.2399002601976,42.2238930329392
154.699999999995,42.2534284306694,42.2374241638851
154.799999999995,42.2669522698619,42.2509509614021
154.899999999995,42.2804717819332,42.2644734296508
154.999999999995,42.2939869710345,42.2779915727855
155.099999999995,42.3074978413107,42.2915053949535
155.199999999995,42.3210043968998,42.3050149002956
155.299999999995,42.3345066419333,42.3185200929462
155.399999999995,42.348004580536,42.3320209770328
155.499999999995,42.3614982168262,42.3455175566766
155.599999999995,42.3749875549158,42.3590098359919
155.699999999995,42.38847259891,42.3724978190868
155.799999999995,42.4019533529073,42.3859815100627
155.899999999995,42.415429821,42.3994609130144
155.999999999995,42.4289020072737,42.4129360320303
156.099999999995,42.4423699158076,42.4264068711922
156.199999999995,42.4558335506744,42.4398734345757
156.299999999995,42.4692929159404,42.4533357262496
156.399999999995,42.4827480156653,42.4667937502765
156.499999999995,42.4961988539024,42.4802475107123
156.599999999995,42.5096454346988,42.4936970116067
156.699999999995,42.523087762095,42.507142257003
156.799999999995,42.5365258401251,42.520583250938
156.899999999995,42.5499596728169,42.5340199974421
156.999999999995,42.5633892641919,42.5474525005395
157.099999999995,42.5768146182652,42.5608807642478
157.199999999995,42.5902357390454,42.5743047925785
157.299999999995,42.603652630535,42.5877245895367
157.399999999995,42.6170652967302,42.6011401591212
157.499999999995,42.6304737416208,42.6145515053244
157.599999999995,42.6438779691903,42.6279586321325
157.699999999995,42.657277983416,42.6413615435256
157.799999999995,42.6706737882691,42.6547602434771
157.899999999995,42.6840653877143,42.6681547359547
157.999999999995,42.6974527857102,42.6815450249195
158.099999999995,42.7108359862092,42.6949311143266
158.199999999995,42.7242149931575,42.7083130081246
158.299999999995,42.7375898104952,42.7216907102563
158.399999999995,42.750960442156,42.7350642246582
158.499999999995,42.7643268920678,42.7484335552604
158.599999999995,42.777689164152,42.7617987059873
158.699999999995,42.791047262324,42.7751596807567
158.799999999995,42.8044011904933,42.7885164834806
158.899999999995,42.817750952563,42.8018691180648
158.999999999995,42.8310965524302,42.8152175884089
159.099999999995,42.8444379939861,42.8285618984068
159.199999999995,42.8577752811156,42.8419020519458
159.299999999995,42.8711084176977,42.8552380529075
159.399999999995,42.8844374076054,42.8685699051675
159.499999999995,42.8977622547054,42.8818976125951
159.599999999995,42.9110829628588,42.8952211790538
159.699999999995,42.9243995359204,42.9085406084011
159.799999999995,42.9377119777392,42.9218559044883
159.899999999995,42.9510202921581,42.9351670711611
159.999999999995,42.9643244830142,42.9484741122589
160.099999999995,42.9776245541384,42.9617770316153
160.199999999995,42.990920509356,42.975075833058
160.299999999995,43.0042123524861,42.9883705204087
160.399999999995,43.017500087342,43.0016610974832
160.499999999995,43.0307837177312,43.0149475680915
160.599999999995,43.0440632474553,43.0282299360375
160.699999999995,43.0573386803098,43.0415082051195
160.799999999995,43.0706100200847,43.0547823791299
160.899999999995,43.0838772705639,43.0680524618549
160.999999999995,43.0971404355256,43.0813184570754
161.099999999995,43.1103995187421,43.0945803685661
161.199999999995,43.12365452398,43.107838200096
161.299999999995,43.136905455,43.1210919554284
161.399999999995,43.1501523155572,43.1343416383208
161.499999999995,43.1633951094006,43.1475872525247
161.599999999995,43.1766338402739,43.1608288017861
161.699999999995,43.1898685119146,43.1740662898452
161.799999999995,43.2030991280548,43.1872997204363
161.899999999995,43.2163256924209,43.2005290972884
161.999999999995,43.2295482087332,43.2137544241242
162.099999999995,43.2427666807068,43.2269757046612
162.199999999995,43.2559811120509,43.240192942611
162.299999999995,43.2691915064689,43.2534061416796
162.399999999995,43.2823978676588,43.2666153055672
162.499999999995,43.2956001993127,43.2798204379686
162.599999999995,43.3087985051174,43.2930215425726
162.699999999995,43.3219927887539,43.3062186230628
162.799999999995,43.3351830538974,43.319411683117
162.899999999995,43.3483693042177,43.3326007264072
162.999999999995,43.3615515433792,43.3457857566002
163.099999999995,43.3747297750405,43.3589667773569
163.199999999995,43.3879040028545,43.3721437923329
163.299999999995,43.4010742304689,43.385316805178
163.399999999995,43.4142404615256,43.3984858195365
163.499999999995,43.4274026996611,43.4116508390475
163.599999999995,43.4405609485065,43.4248118673441
163.699999999995,43.453715211687,43.4379689080542
163.799999999995,43.4668654928228,43.4511219648002
163.899999999995,43.4800117955284,43.4642710411989
163.999999999995,43.4931541234126,43.4774161408616
164.099999999995,43.5062924800792,43.4905572673944
164.199999999995,43.5194268691263,43.5036944243977
164.299999999995,43.5325572941465,43.5168276154665
164.399999999995,43.5456837587272,43.5299568441905
164.499999999995,43.5588062664502,43.5430821141538
164.599999999995,43.5719248208921,43.5562034289353
164.699999999995,43.5850394256239,43.5693207921085
164.799999999995,43.5981500842113,43.5824342072413
164.899999999995,43.6112568002147,43.5955436778964
164.999999999995,43.6243595771892,43.6086492076311
165.099999999995,43.6374584186843,43.6217507999975
165.199999999995,43.6505533282445,43.6348484585422
165.299999999995,43.6636443094087,43.6479421868065
165.399999999995,43.6767313657107,43.6610319883263
165.499999999995,43.689814500679,43.6741178666326
165.599999999995,43.7028937178365,43.6871998252505
165.699999999995,43.7159690207013,43.7002778677004
165.799999999995,43.729040412786,43.7133519974971
165.899999999995,43.7421078975978,43.7264222181502
165.999999999995,43.7551714786389,43.7394885331642
166.099999999995,43.7682311594061,43.7525509460381
166.199999999995,43.7812869433913,43.7656094602659
166.299999999995,43.7943388340807,43.7786640793363
166.399999999995,43.8073868349557,43.7917148067329
166.499999999995,43.8204309494924,43.8047616459339
166.599999999995,43.8334711811617,43.8178046004126
166.699999999995,43.8465075334293,43.8308436736369
166.799999999995,43.8595400097558,43.8438788690697
166.899999999995,43.8725686135966,43.8569101901686
166.999999999995,43.8855933484021,43.8699376403861
167.099999999995,43.8986142176175,43.8829612231698
167.199999999995,43.9116312246828,43.8959809419619
167.299999999995,43.9246443730331,43.9089968001996
167.399999999995,43.9376536660982,43.9220088013151
167.499999999995,43.9506591073029,43.9350169487353
167.599999999995,43.963660700067,43.9480212458822
167.699999999995,43.9766584478053,43.9610216961727
167.799999999995,43.9896523539272,43.9740183030187
167.899999999995,44.0026424218375,43.987011069827
167.999999999995,44.0156286549358,43.9999999999993
168.099999999995,44.0286110566165,44.0129850969324
168.199999999995,44.0415896302693,44.0259663640181
168.299999999995,44.0545643792787,44.0389438046431
168.399999999995,44.0675353070244,44.0519174221891
168.499999999995,44.0805024168808,44.064887220033
168.599999999995,44.0934657122177,44.0778532015465
168.699999999995,44.1064251963997,44.0908153700965
168.799999999995,44.1193808727866,44.103773729045
168.899999999995,44.1323327447333,44.1167282817488
168.999999999995,44.1452808155895,44.1296790315601
169.099999999995,44.1582250887002,44.1426259818259
169.199999999995,44.1711655674056,44.1555691358885
169.299999999995,44.1841022550408,44.1685084970851
169.399999999995,44.1970351549362,44.1814440687483
169.499999999995,44.209964270417,44.1943758542057
169.599999999995,44.2228896048039,44.2073038567797
169.699999999995,44.2358111614126,44.2202280797884
169.799999999995,44.2487289435539,44.2331485265447
169.899999999995,44.2616429545339,44.2460652003568
169.999999999995,44.2745531976538,44.2589781045279
170.099999999995,44.28745967621,44.2718872423566
170.199999999995,44.300362393494,44.2847926171366
170.299999999995,44.3132613527926,44.2976942321567
170.399999999995,44.3261565573879,44.3105920907012
170.499999999995,44.3390480105571,44.3234861960492
170.599999999995,44.3519357155726,44.3363765514755
170.699999999995,44.3648196757021,44.3492631602497
170.799999999995,44.3776998942087,44.362146025637
170.899999999995,44.3905763743506,44.3750251508976
170.999999999995,44.4034491193812,44.3879005392872
171.099999999995,44.4163181325493,44.4007721940566
171.199999999995,44.4291834170991,44.413640118452
171.299999999995,44.4420449762699,44.4265043157148
171.399999999995,44.4549028132964,44.4393647890818
171.499999999995,44.4677569314086,44.452221541785
171.599999999995,44.4806073338318,44.465074577052
171.699999999995,44.4934540237869,44.4779238981054
171.799999999995,44.5062970044897,44.4907695081633
171.899999999995,44.5191362791516,44.5036114104391
171.999999999995,44.5319718509796,44.5164496081417
172.099999999995,44.5448037231756,44.5292841044753
172.199999999995,44.5576318989372,44.5421149026395
172.299999999994,44.5704563814574,44.5549420058291
172.399999999994,44.5832771739245,44.5677654172346
172.499999999994,44.5960942795222,44.5805851400417
172.599999999994,44.6089077014296,44.5934011774317
172.699999999994,44.6217174428215,44.6062135325811
172.799999999994,44.6345235068678,44.6190222086621
172.899999999994,44.647325896734,44.6318272088421
172.999999999994,44.6601246155811,44.6446285362841
173.099999999994,44.6729196665656,44.6574261941466
173.199999999994,44.6857110528393,44.6702201855835
173.299999999994,44.6984987775496,44.6830105137441
173.399999999994,44.7112828438394,44.6957971817734
173.499999999994,44.7240632548472,44.7085801928118
173.599999999994,44.7368400137068,44.7213595499951
173.699999999994,44.7496131235477,44.7341352564548
173.799999999994,44.7623825874948,44.7469073153179
173.899999999994,44.7751484086687,44.7596757297068
173.999999999994,44.7879105901854,44.7724405027397
174.099999999994,44.8006691351565,44.78520163753
174.199999999994,44.8134240466893,44.797959137187
174.299999999994,44.8261753278865,44.8107130048154
174.399999999994,44.8389229818465,44.8234632435156
174.499999999994,44.8516670116631,44.8362098563834
174.599999999994,44.8644074204261,44.8489528465103
174.699999999994,44.8771442112205,44.8616922169836
174.799999999994,44.8898773871271,44.8744279708858
174.899999999994,44.9026069512224,44.8871601112955
174.999999999994,44.9153329065784,44.8998886412866
175.099999999994,44.9280552562628,44.9126135639287
175.199999999994,44.940774003339,44.9253348822872
175.299999999994,44.9534891508659,44.938052599423
175.399999999994,44.9662007018984,44.9507667183927
175.499999999994,44.9789086594867,44.9634772422487
175.599999999994,44.991613026677,44.976184174039
175.699999999994,45.004313806511,44.9888875168072
175.799999999994,45.0170110020262,45.0015872735928
175.899999999994,45.0297046162558,45.0142834474309
175.999999999994,45.0423946522287,45.0269760413522
176.099999999994,45.0550811129695,45.0396650583834
176.199999999994,45.0677640014987,45.0523505015468
176.299999999994,45.0804433208323,45.0650323738603
176.399999999994,45.0931190739824,45.0777106783379
176.499999999994,45.1057912639564,45.090385417989
176.599999999994,45.118459893758,45.103056595819
176.699999999994,45.1311249663862,45.115724214829
176.799999999994,45.1437864848361,45.1283882780159
176.899999999994,45.1564444520986,45.1410487883724
176.999999999994,45.1690988711602,45.1537057488871
177.099999999994,45.1817497450034,45.1663591625441
177.199999999994,45.1943970766064,45.1790090323237
177.299999999994,45.2070408689433,45.1916553612019
177.399999999994,45.219681124984,45.2042981521504
177.499999999994,45.2323178476944,45.2169374081368
177.599999999994,45.2449510400361,45.2295731321247
177.699999999994,45.2575807049665,45.2422053270735
177.799999999994,45.270206845439,45.2548339959383
177.899999999994,45.282829464403,45.2674591416703
177.999999999994,45.2954485648034,45.2800807672165
178.099999999994,45.3080641495815,45.2926988755197
178.199999999994,45.320676221674,45.3053134695188
178.299999999994,45.333284784014,45.3179245521484
178.399999999994,45.34588983953,45.3305321263393
178.499999999994,45.358491391147,45.3431361950178
178.599999999994,45.3710894417854,45.3557367611065
178.699999999994,45.3836839943619,45.3683338275239
178.799999999994,45.3962750517891,45.3809273971842
178.899999999994,45.4088626169754,45.3935174729979
178.999999999994,45.4214466928252,45.4061040578711
179.099999999994,45.4340272822391,45.4186871547062
179.199999999994,45.4466043881135,45.4312667664015
179.299999999994,45.4591780133408,45.443842895851
179.399999999994,45.4717481608094,45.4564155459452
179.499999999994,45.4843148334037,45.4689847195702
179.599999999994,45.4968780340042,45.4815504196082
179.699999999994,45.5094377654874,45.4941126489375
179.799999999994,45.5219940307256,45.5066714104325
179.899999999994,45.5345468325876,45.5192267069634
179.999999999994,45.5470961739378,45.5317785413967
180.099999999994,45.5596420576369,45.5443269165946
180.199999999994,45.5721844865415,45.5568718354158
180.299999999994,45.5847234635045,45.5694133007148
180.399999999994,45.5972589913746,45.5819513153421
180.499999999994,45.6097910729968,45.5944858821445
180.599999999994,45.6223197112121,45.6070170039648
180.699999999994,45.6348449088576,45.6195446836418
180.799999999994,45.6473666687665,45.6320689240105
180.899999999994,45.6598849937681,45.6445897279021
180.999999999994,45.6723998866879,45.6571070981437
181.099999999994,45.6849113503475,45.6696210375586
181.199999999994,45.6974193875646,45.6821315489664
181.299999999994,45.709924001153,45.6946386351827
181.399999999994,45.7224251939227,45.7071422990192
181.499999999994,45.73492296868,45.7196425432838
181.599999999994,45.747417328227,45.7321393707806
181.699999999994,45.7599082753625,45.7446327843099
181.799999999994,45.7723958128809,45.757122786668
181.899999999994,45.7848799435732,45.7696093806477
181.999999999994,45.7973606702265,45.7820925690376
182.099999999994,45.809837995624,45.7945723546229
182.199999999994,45.8223119225452,45.8070487401846
182.299999999994,45.8347824537657,45.8195217285002
182.399999999994,45.8472495920576,45.8319913223434
182.499999999994,45.8597133401889,45.844457524484
182.599999999994,45.872173700924,45.8569203376881
182.699999999994,45.8846306770236,45.8693797647181
182.799999999994,45.8970842712445,45.8818358083326
182.899999999994,45.9095344863399,45.8942884712863
182.999999999994,45.9219813250592,45.9067377563305
183.099999999994,45.934424790148,45.9191836662125
183.199999999994,45.9468648843484,45.931626203676
183.299999999994,45.9593016103985,45.9440653714609
183.399999999994,45.971734971033,45.9565011723035
183.499999999994,45.9841649689825,45.9689336089362
183.599999999994,45.9965916069744,45.981362684088
183.699999999994,46.0090148877321,45.9937884004841
183.799999999994,46.0214348139753,46.0062107608457
183.899999999994,46.0338513884202,46.0186297678909
183.999999999994,46.0462646137792,46.0310454243337
184.099999999994,46.0586744927612,46.0434577328846
184.199999999994,46.0710810280712,46.0558666962504
184.299999999994,46.0834842224109,46.0682723171343
184.399999999994,46.095884078478,46.0806745982359
184.499999999994,46.1082805989668,46.093073542251
184.599999999994,46.1206737865679,46.1054691518719
184.699999999994,46.1330636439684,46.1178614297874
184.799999999994,46.1454501738515,46.1302503786824
184.899999999994,46.1578333788972,46.1426360012384
184.999999999994,46.1702132617816,46.1550183001333
185.099999999994,46.1825898251774,46.1673972780414
185.199999999994,46.1949630717534,46.1797729376332
185.299999999994,46.2073330041753,46.1921452815759
185.399999999994,46.2196996251049,46.2045143125331
185.499999999994,46.2320629372004,46.2168800331646
185.599999999994,46.2444229431168,46.2292424461269
185.699999999994,46.2567796455051,46.241601554073
185.799999999994,46.2691330470131,46.2539573596519
185.899999999994,46.281483150285,46.2663098655097
185.999999999994,46.2938299579612,46.2786590742884
186.099999999994,46.306173472679,46.2910049886268
186.199999999994,46.3185136970719,46.3033476111601
186.299999999994,46.3308506337699,46.3156869445201
186.399999999994,46.3431842853997,46.3280229913348
186.499999999994,46.3555146545843,46.3403557542289
186.599999999994,46.3678417439433,46.3526852358238
186.699999999994,46.3801655560928,46.365011438737
186.799999999994,46.3924860936453,46.3773343655828
186.899999999994,46.4048033592102,46.389654018972
186.999999999994,46.417117355393,46.4019704015119
187.099999999994,46.429428084796,46.4142835158062
187.199999999994,46.4417355500179,46.4265933644554
187.299999999994,46.4540397536542,46.4388999500565
187.399999999994,46.4663406982966,46.4512032752028
187.499999999994,46.4786383865338,46.4635033424845
187.599999999994,46.4909328209506,46.4758001544882
187.699999999994,46.5032240041289,46.4880937137971
187.799999999994,46.5155119386466,46.500384022991
187.899999999994,46.5277966270788,46.5126710846464
187.999999999994,46.5400780719967,46.5249549013361
188.099999999994,46.5523562759685,46.5372354756298
188.199999999994,46.5646312415586,46.5495128100936
188.299999999994,46.5769029713285,46.5617869072905
188.399999999994,46.5891714678359,46.5740577697798
188.499999999994,46.6014367336353,46.5863254001176
188.599999999994,46.6136987712779,46.5985898008566
188.699999999994,46.6259575833116,46.6108509745462
188.799999999994,46.6382131722806,46.6231089237324
188.899999999994,46.6504655407261,46.6353636509577
188.999999999994,46.6627146911859,46.6476151587616
189.099999999994,46.6749606261944,46.65986344968
189.199999999994,46.6872033482827,46.6721085262455
189.299999999994,46.6994428599786,46.6843503909875
189.399999999994,46.7116791638065,46.696589046432
189.499999999994,46.7239122622876,46.7088244951017
189.599999999994,46.7361421579398,46.721056739516
189.699999999994,46.7483688532776,46.7332857821909
189.799999999994,46.7605923508122,46.7455116256393
189.899999999993,46.7728126530518,46.7577342723708
189.999999999993,46.785029762501,46.7699537248916
190.099999999993,46.7972436816612,46.7821699857045
190.199999999993,46.8094544130307,46.7943830573095
190.299999999993,46.8216619591043,46.8065929422028
190.399999999993,46.8338663223738,46.8187996428777
190.499999999993,46.8460675053275,46.8310031618241
190.599999999993,46.8582655104506,46.8432035015288
190.699999999993,46.8704603402251,46.8554006644751
190.799999999993,46.8826519971297,46.8675946531434
190.899999999993,46.8948404836399,46.8797854700105
190.999999999993,46.907025802228,46.8919731175504
191.099999999993,46.9192079553629,46.9041575982335
191.199999999993,46.9313869455107,46.9163389145272
191.299999999993,46.9435627751339,46.9285170688957
191.399999999993,46.955735446692,46.9406920638
191.499999999993,46.9679049626412,46.9528639016978
191.599999999993,46.9800713254348,46.9650325850436
191.699999999993,46.9922345375225,46.977198116289
191.799999999993,47.0043946013512,46.9893604978821
191.899999999993,47.0165515193644,47.001519732268
191.999999999993,47.0287052940026,47.0136758218887
192.099999999993,47.0408559277029,47.0258287691827
192.199999999993,47.0530034228996,47.0379785765859
192.299999999993,47.0651477820235,47.0501252465305
192.399999999993,47.0772890075026,47.062268781446
192.499999999993,47.0894271017616,47.0744091837585
192.599999999993,47.1015620672219,47.086546455891
192.699999999993,47.1136939063022,47.0986806002635
192.799999999993,47.1258226214177,47.1108116192928
192.899999999993,47.1379482149807,47.1229395153926
192.999999999993,47.1500706894003,47.1350642909735
193.099999999993,47.1621900470825,47.1471859484431
193.199999999993,47.1743062904304,47.1593044902056
193.299999999993,47.1864194218437,47.1714199186624
193.399999999993,47.1985294437193,47.1835322362118
193.499999999993,47.2106363584508,47.1956414452489
193.599999999993,47.2227401684289,47.2077475481658
193.699999999993,47.2348408760412,47.2198505473515
193.799999999993,47.2469384836722,47.2319504451919
193.899999999993,47.2590329937032,47.2440472440701
193.999999999993,47.2711244085129,47.2561409463657
194.099999999993,47.2832127304764,47.2682315544557
194.199999999993,47.2952979619662,47.2803190707137
194.299999999993,47.3073801053515,47.2924034975106
194.399999999993,47.3194591629987,47.304484837214
194.499999999993,47.3315351372709,47.3165630921886
194.599999999993,47.3436080305285,47.3286382647961
194.699999999993,47.3556778451286,47.3407103573951
194.799999999993,47.3677445834254,47.3527793723414
194.899999999993,47.3798082477703,47.3648453119874
194.999999999993,47.3918688405114,47.3769081786829
195.099999999993,47.403926363994,47.3889679747746
195.199999999993,47.4159808205604,47.401024702606
195.299999999993,47.4280322125497,47.413078364518
195.399999999993,47.4400805422984,47.4251289628482
195.499999999993,47.4521258121398,47.4371764999313
195.599999999993,47.4641680244042,47.4492209780992
195.699999999993,47.4762071814192,47.4612623996808
195.799999999993,47.4882432855091,47.4733007670017
195.899999999993,47.5002763389954,47.4853360823851
195.999999999993,47.5123063441969,47.4973683481508
196.099999999993,47.5243333034291,47.509397566616
196.199999999993,47.5363572190047,47.5214237400947
196.299999999993,47.5483780932336,47.5334468708981
196.399999999993,47.5603959284226,47.5454669613345
196.499999999993,47.5724107268757,47.5574840137092
196.599999999993,47.5844224908939,47.5694980303247
196.699999999993,47.5964312227754,47.5815090134804
196.799999999993,47.6084369248154,47.5935169654731
196.899999999993,47.6204395993063,47.6055218885964
196.999999999993,47.6324392485375,47.6175237851412
197.099999999993,47.6444358747956,47.6295226573955
197.199999999993,47.6564294803644,47.6415185076442
197.299999999993,47.6684200675246,47.6535113381697
197.399999999993,47.6804076385542,47.6655011512511
197.499999999993,47.6923921957283,47.677487949165
197.599999999993,47.7043737413191,47.6894717341851
197.699999999993,47.716352277596,47.7014525085819
197.799999999993,47.7283278068256,47.7134302746234
197.899999999993,47.7403003312715,47.7254050345747
197.999999999993,47.7522698531946,47.7373767906979
198.099999999993,47.7642363748528,47.7493455452525
198.199999999993,47.7761998985014,47.7613113004949
198.299999999993,47.7881604263928,47.7732740586788
198.399999999993,47.8001179607764,47.7852338220552
198.499999999993,47.812072503899,47.7971905928722
198.599999999993,47.8240240580045,47.8091443733749
198.699999999993,47.8359726253341,47.8210951658059
198.799999999993,47.8479182081261,47.8330429724048
198.899999999993,47.8598608086159,47.8449877954084
198.999999999993,47.8718004290363,47.8569296370508
199.099999999993,47.8837370716172,47.8688684995634
199.199999999993,47.8956707385859,47.8808043851745
199.299999999993,47.9076014321667,47.89273729611
199.399999999993,47.9195291545812,47.9046672345927
199.499999999993,47.9314539080484,47.9165942028429
199.599999999993,47.9433756947842,47.928518203078
199.699999999993,47.955294517002,47.9404392375126
199.799999999993,47.9672103769124,47.9523573083586
199.899999999993,47.9791232767233,47.9642724178252
199.999999999993,47.9910332186398,47.9761845681188
