Angle,Time,X,Y,Vx,Vy,Velocity
35,0,0,0,573.406431002294,401.503505445732,700
35,0.1,41.6866475338668,29.0913048459047,416.866475338668,290.913048459047,508.338528959807
35,0.2,75.1223845804663,52.3266568114211,334.357370465995,232.353519655163,407.164597283552
35,0.3,103.264374507764,71.785248013806,281.419899272981,194.58591202385,342.141545073041
35,0.4,127.666415656224,88.5598765819465,244.020411484595,167.746285681405,296.116155555584
35,0.5,149.264432894511,103.308942644018,215.980172382874,147.490660620715,261.53571425882
35,0.6,168.672287686229,116.464369071454,194.07854791718,131.554264274362,234.463232107743
35,0.7,186.31710833045,128.326739875002,176.448206442208,118.623708035475,212.615976974351
35,0.8,202.50938177685,139.114583128758,161.922734463999,107.878432537563,194.56805529958
35,0.9,217.482577307841,148.992235215593,149.731955309909,98.7765208683457,179.377979461759
35,1,231.417065952952,158.086663816386,139.344886451114,90.944286007937,166.396696294029
35,1.1,244.455320196379,166.498159594506,130.382542434262,84.1149577811991,155.160992179591
35,1.2,256.711980651081,174.307418169446,122.566604547024,78.0925857493991,145.330741755535
35,1.3,268.28075466152,181.580393972884,115.687740104395,72.7297580343794,136.650177146615
35,1.4,279.239281468661,188.371723839449,109.585268071408,67.9132986656497,128.923027865204
35,1.5,289.652648370162,194.72720165579,104.133669015011,63.5547781634122,121.996028008819
35,1.6,299.575986274936,200.685605364062,99.2333790477396,59.5840370827204,115.747660850262
35,1.7,309.056421425891,206.280070994231,94.8043515095436,55.9446563016901,110.080287217373
35,1.8,318.134567087938,211.539143015011,90.781456620475,52.5907202077956,104.914521006912
35,1.9,326.845680228817,216.487588962729,87.1111314087853,49.4844594771866,100.185133353547
35,2,335.220570067228,221.147039476028,83.7488983841152,46.5945051329894,95.8380190171992
35,2.1,343.286319999243,225.536497029022,80.6574993201503,43.894575529935,91.8279149144377
35,2.2,351.066867190771,229.672744547745,77.8054719152777,41.3624751872289,88.1166602497688
35,2.3,358.58347220319,233.570676718903,75.1660501241901,38.9793217115791,84.6718525388871
35,2.4,365.855102625814,237.24357090774,72.7163042262403,36.7289418883739,81.4657969491657
35,2.5,372.898748687832,240.703310394736,70.4364606201776,34.597394869962,78.4746756379783
35,2.6,379.729684473622,243.960569597591,68.309357857904,32.5725920285443,75.6778839715883
35,2.7,386.361685177449,247.024968718779,66.3200070382634,30.6439912118803,73.0574946938991
35,2.8,392.807208474522,249.905203614887,64.4552329707341,28.8023489610805,70.5978212339975
35,2.9,399.077546327421,252.6091554599,62.703378528991,27.039518450127,68.2850586656019
35,3,405.182952230927,255.14398385681,61.0540590350548,25.3482839691042,66.1069862029295
35,3.1,411.132747911849,257.516206358996,59.497956809224,23.7222250218577,64.0527191027823
35,3.2,416.935412762263,259.731766835523,58.026648504134,22.1556047652699,62.1125008282323
35,3.3,422.598658735241,261.796094709015,56.6324597297807,20.6432787349195,60.2775285821575
35,3.4,428.129493027303,263.714156777879,55.3083429206286,19.1806206886446,58.539807025882
35,3.5,433.534270577427,265.490503081188,54.047775501237,17.7634630330896,56.8920262915644
35,3.6,438.818738202134,267.12930805476,52.8446762470688,16.3880497357178,55.3274613713468
35,3.7,443.988072038548,268.634408045677,51.6933383641409,15.0509999091691,53.8398906898535
35,3.8,449.046909864652,270.009336087678,50.5883782610431,13.7492804200115,52.4235321888033
35,3.9,453.999379793048,271.25735468242,49.5246992839543,12.4801859474155,51.0729956087185
35,4,458.849126777502,272.381487174671,48.4974698445428,11.2413249225154,49.7832498671582
35,4.1,463.599338317315,273.384548148386,47.502115398132,10.0306097371451,48.549604519464
35,4.2,468.252770679527,274.269173102503,46.5343236221172,8.84624954116936,47.3677042499695
35,4.3,472.811776868476,275.037847489664,45.5900618894897,7.68674387161601,46.2335351712945
35,4.4,477.278337439324,275.692935019538,44.6656057084797,6.55087529874193,45.1434413894759
35,4.5,481.65409505774,276.236704946109,43.7575761841654,5.43769926570696,44.094149802636
35,4.6,485.940393431938,276.671357884285,42.8629837419757,4.34652938176439,43.0828004304666
35,4.7,490.138320868426,276.999049549967,41.9792743648826,3.27691665681743,42.106978744358
35,4.8,494.248758221854,277.221911709546,41.1043735342798,2.22862159578455,41.1647455702425
35,4.9,498.272430434485,277.342069584643,40.2367221263051,1.20157875096871,40.2546593447799
35,5,502.209960234634,277.361655011316,39.3752980014951,0.195854266735272,39.37578509186
35,5.1,506.061921964307,277.282814819072,38.5196172967325,-0.78840192243654,38.527684777028
35,5.2,509.828893043921,277.107714176611,37.6697107961394,-1.75100642461014,37.7103849750146
35,5.3,513.511500376557,276.838535025976,36.8260733263537,-2.69179150635311,36.9243201447454
35,5.4,517.11045914075,276.477470144002,35.9895876419293,-3.61064881974177,36.1702530200663
35,5.5,520.626601950093,276.026713757602,35.1614280934294,-4.50756386400125,35.4491771069154
35,5.6,524.060897210225,275.488449921567,34.3429526013271,-5.38263836035084,34.7622092090724
35,5.7,527.414456533652,274.864839987338,33.5355932342653,-6.23609934228262,34.1104815061429
35,5.8,530.688532087058,274.158010429365,32.7407555340653,-7.0682955797306,33.4950425487693
35,5.9,533.884505561537,273.370042076036,31.9597347447883,-7.87968353329263,32.9167747135419
35,5.99999999999999,537.003870953106,272.502961471752,31.1936539156892,-8.67080604283698,32.376332745453
35,6.09999999999999,540.048213486857,271.558734745334,30.4434253375125,-9.44226726418844,31.8741048089051
35,6.19999999999999,543.019186860674,270.539264039611,29.7097337381681,-10.1947070572244,31.4101946949627
35,6.29999999999999,545.918490620265,269.446386308312,28.9930375959075,-10.9287773129937,30.9844219341706
35,6.39999999999999,548.74784901479,268.281874124822,28.2935839452533,-11.6451218348992,30.5963356468832
35,6.49999999999999,551.508992213735,267.047438068593,27.6114319894451,-12.3443605622845,30.2452378763904
35,6.59999999999999,554.203640352859,265.744730242119,26.9464813912438,-13.0270782647404,29.9302126200987
35,6.69999999999999,556.833490550886,264.375348503746,26.298501980266,-13.6938173837301,29.6501575197334
35,6.79999999999999,559.400206805395,262.940841059654,25.6671625450939,-14.3450744409236,29.4038159739839
35,6.89999999999999,561.905412527248,261.44271112684,25.0520572185234,-14.9812993281444,29.1898081603773
35,6.99999999999999,564.350685391434,259.88242144748,24.4527286418641,-15.6028967935931,29.0066600349672
35,7.09999999999999,566.737554150801,258.261398497457,23.8686875936667,-16.2102295002324,28.8528298073909
35,7.19999999999999,569.067497061489,256.581036285187,23.2994291068806,-16.8036221226988,28.7267316823374
35,7.29999999999999,571.341941592238,254.842699680439,22.74444530749,-17.3833660474791,28.6267568454069
35,7.39999999999999,573.5622651243,253.047727246956,22.2032353206236,-17.9497243348297,28.5512917816229
35,7.49999999999999,575.729796387965,251.197433578575,21.6753126366485,-18.5029366838132,28.498734074019
35,7.59999999999999,577.845817421303,249.293111157404,21.1602103333811,-19.0432242117113,28.4675058572126
35,7.69999999999999,579.911565874166,247.336031765797,20.6574845286276,-19.5707939160714,28.4560651101979
35,7.79999999999999,581.928237514347,245.327447492495,20.1667164018154,-20.0858427330216,28.462914972415
35,7.89999999999999,583.896988822586,243.2685913784,19.6875130823905,-20.5885611409502,28.4866112625552
35,7.99999999999999,585.818939588667,241.160677749809,19.2195076608037,-21.0791362859006,28.5257683732316
35,8.09999999999999,587.695175442478,239.004902287244,18.7623585381143,-21.5577546256512,28.5790637077658
35,8.19999999999999,589.526750271872,236.80244187677,18.3157482939401,-22.0246041047478,28.6452408182902
35,8.29999999999999,591.3146884939,234.554454288386,17.8793822202835,-22.4798758838315,28.7231113971216
35,8.39999999999999,593.059987157974,232.262077722954,17.4529866407401,-22.9237656543251,28.811556265781
35,8.49999999999999,594.76361786903,229.926430265493,17.036307110554,-23.3564745746055,28.9095254979964
35,8.59999999999999,596.426528526288,227.548609278818,16.6291065725808,-23.7782098667544,29.0160378044568
35,8.69999999999999,598.049644878995,225.12969076739,16.2311635270654,-24.1891851142832,29.1301792980304
35,8.79999999999998,599.633871904877,222.670728737266,15.8422702588281,-24.5896203012366,29.2511017486989
35,8.89999999999998,601.180095020239,220.172754574058,15.4622311536167,-24.9797416320754,29.3780204277469
35,8.99999999999998,602.689181132806,217.636776457061,15.0908611256677,-25.3597811699727,29.5102116309438
35,9.09999999999998,604.161979549868,215.063778824179,14.7279841706235,-25.7299763288233,29.6470099607354
35,9.19999999999998,605.599322755029,212.454721899025,14.3734320516141,-26.0905692515368,29.787805437991
35,9.29999999999998,607.002027067158,209.810541288605,14.0270431212815,-26.4418061041997,29.9320405047565
35,9.39999999999998,608.370893195019,207.132147657348,13.6886612786149,-26.7839363125686,30.0792069708691
35,9.49999999999998,609.706706700667,204.420426480928,13.358135056483,-27.1172117641977,30.2288429492692
35,9.59999999999998,611.010238384023,201.67623788129,13.0353168335568,-27.4418859963854,30.380529817464
35,9.69999999999998,612.2822446003,198.900416542579,12.7200621627674,-27.7582133871121,30.5338892358821
35,9.79999999999998,613.523467521043,196.09377170625,12.4122292074325,-28.0664483632913,30.688580247824
35,9.89999999999998,614.734635348603,193.257087242451,12.111678275605,-28.3668446379893,30.8442964803477
35,9.99999999999998,615.916462492901,190.391121793867,11.8182714429715,-28.6596544858364,31.0007634607162
35,10.1,617.069649718367,187.496608987503,11.5318722546672,-28.9451280636408,31.1577360589393
35,10.2,618.194884268031,184.574257709377,11.2523454966386,-29.2235127812585,31.3149960634215
35,10.3,619.29283997079,181.624752436772,10.9795570275919,-29.4950527260507,31.4723498937504
35,10.4,620.3641773371,178.648753622495,10.7133736630998,-29.7599881427747,31.6296264521618
35,10.5,621.409543647504,175.646898125545,10.4536631040374,-30.0185549694996,31.78667511316
35,10.6,622.429573037721,172.619799682636,10.2002939021673,-30.2709844290852,31.9433638491081
35,10.7,623.424886583357,169.568049415145,9.95313545636414,-30.5175026749138,32.0995774882802
35,10.8,624.39609238672,166.492216366256,9.71205803363141,-30.7583304888864,32.2552161008446
35,10.9,625.343785667692,163.392848063339,9.47693280972037,-30.9936830291734,32.4101935074881
35,11,626.268548860171,160.270471100855,9.24763192478373,-31.2237696248338,32.5644359048483
35,11.1,627.17095171518,157.12559173944,9.02402855008844,-31.4487936141526,32.7178806015667
35,11.2,628.051551411416,153.958696517101,8.80599696236207,-31.6689522233909,32.8704748585801
35,11.3,628.910892673701,150.770252868844,8.59341262285319,-31.8844364825699,33.0221748271922
35,11.4,629.749507899566,147.560709751353,8.38615225864758,-32.095431174912,33.1729445785076
35,11.5,630.567917293986,144.330498269691,8.18409394419718,-32.3021148166174,33.3227552179194
35,11.6,631.366629012125,141.080032303315,7.98711718138987,-32.5046596637573,33.4715840785276
35,11.7,632.146139309806,137.809709128995,7.79510297681631,-32.7032317432038,33.6194139875885
35,11.8,632.906932701324,134.519910038527,7.6079339151779,-32.8979909046769,33.7662326003645
35,11.9,633.649482124127,131.21100094941,7.42549422803009,-33.0890908911703,33.9120317960254
35,12,634.374249109854,127.883333006889,7.24766985727082,-33.2766794252093,34.0568071305596
35,12.1,635.081683961151,124.53724317603,7.07434851296782,-33.4608983085886,34.2005573419591
35,12.2,635.772225933678,121.173054822687,6.90541972527378,-33.6418835334383,34.3432839032558
35,12.3,636.446303422709,117.791078282421,6.74077489030835,-33.8197654026581,34.4849906192918
35,12.4,637.104334153709,114.391611416626,6.58030730999315,-33.9946686579508,34.6256832634074
35,12.5,637.7467253763,110.974940155239,6.42391222591314,-34.1667126138679,34.7653692505182
35,12.6,638.373874061035,107.541339025594,6.27148684734771,-34.336011296453,34.9040573433319
35,12.7,638.986167098402,104.091071667071,6.12293037366931,-34.5026735852307,35.0417573887181
35,12.8,639.583981499537,100.624391331327,5.97814401134972,-34.666803357441,35.1784800814918
35,12.9,640.167684598121,97.1415413679705,5.837030985844,-34.8284996335607,35.3142367531091
35,13,640.737634252985,93.6427556956423,5.69949654864428,-34.9878567232816,35.4490391829862
35,13.1,641.294179050966,90.1282592585188,5.56544797980834,-35.1449643712354,35.5828994303634
35,13.2,641.837658509594,86.5982684683326,5.43479458627516,-35.2999079018615,35.7158296848178
35,13.3,642.368403279222,83.0529916320413,5.30744769628124,-35.4527683629126,35.8478421337059
35,13.4,642.886735344241,79.4926293653234,5.18332065018843,-35.6036226671794,35.9789488449782
35,13.5,643.392968223044,75.9173749921138,5.06232878802809,-35.7525437320956,36.1091616639532
35,13.6,643.887407166449,72.3274149304186,4.94438943405717,-35.8996006169522,36.2384921227731
35,13.7,644.37034935431,68.7229290646675,4.82942187861103,-36.0448586575113,36.3669513613882
35,13.8,644.842084090063,65.1040911048809,4.7173473575251,-36.188379597866,36.4945500590265
35,13.9,645.302892993001,61.4710689329373,4.60808902938391,-36.3302217194358,36.6212983752091
35,14,645.753050188086,57.8240249362343,4.50157195084195,-36.4704399670305,36.747205899461
35,14.1,646.19282249311,54.1631163290395,4.39772305024576,-36.6090860719479,36.8722816089533
35,14.2,646.622469603087,50.4884954618293,4.29647109977235,-36.746208672102,36.9965338333856
35,14.3,647.042244271716,46.8003101189094,4.19774668628402,-36.8818534291992,37.1199702264851
35,14.4,647.452392489824,43.098703804609,4.10148218108544,-37.0160631430036,37.2425977435596
35,14.5,647.8531536607,39.3838160183343,4.0076117087549,-37.1488778627469,37.3644226245962
35,14.6,648.244760772221,35.6557825187594,3.91607111520788,-37.280334995749,37.4854503824435
35,14.7,648.627440565735,31.9147355774265,3.82679793513842,-37.4104694133287,37.6056857956611
35,14.8,649.001413701632,28.1608042220178,3.73973135897124,-37.5393135540874,37.7251329056554
35,14.9,649.366894921576,24.3941144695525,3.654812199446,-37.6668975246525,37.8437950177554
35,15,649.724093207371,20.6147895497553,3.57198285794404,-37.7932491979719,37.9616747059116
35,15.1,650.073211936436,16.8229501188305,3.49118729065757,-37.9183943092486,38.0787738207273
35,15.2,650.414449033906,13.0187144638701,3.4123709746917,-38.0423565496035,38.1950935005542
35,15.3,650.747997121324,9.20219869811499,3.33548087418064,-38.1651576575514,38.3106341854031
35,15.4,651.074043661973,5.37351694727774,3.26046540649106,-38.2868175083725,38.4253956334394
35,15.5,651.392771102831,1.53278152713228,3.18727440857798,-38.4073542014546,38.5393769398465
40,0,0,0,536.231110183285,449.951326780577,700
40,0.1,38.9840017103248,32.613461456948,389.840017103248,326.13461456948,508.270622557948
40,0.2,70.2545834154669,58.6759854266279,312.705817051421,260.625239696799,407.075476521014
40,0.3,96.5770763751289,80.5165157095524,263.22492959662,218.405302829244,342.035436563347
40,0.4,119.404233183635,99.3588649505323,228.271568085058,188.4234924098,295.992096664619
40,0.5,139.611033711168,115.940278675886,202.068005275331,165.814137253539,261.392055864533
40,0.6,157.771336586105,130.744365472693,181.603028749368,148.040867968068,234.298439260023
40,0.7,174.284424773776,144.107660281327,165.130881876714,133.632948086343,212.428747968886
40,0.8,189.440540590941,156.274818773595,151.561158171651,121.671584922677,194.357297892126
40,0.9,203.457930568342,167.429821030928,140.173899774012,111.550022573333,179.142763498741
40,1,216.5052068695,177.714809363714,130.472763011576,102.849883327858,166.136210346899
40,1.1,228.715556361873,187.242059812128,122.103494923727,95.2725044841336,154.874509146173
40,1.2,240.196150895094,196.101911467644,114.805945332216,88.5985165551661,145.017592792736
40,1.3,251.034595921947,204.368200863678,108.384450268531,82.6628939603387,136.309732220079
40,1.4,261.303478232234,212.102094898323,102.688823102865,77.3389403464525,128.554681300074
40,1.5,271.063652650706,219.354861265225,97.6017441847236,72.527663669012,121.59918776532
40,1.6,280.366668180149,226.169913763037,93.0301552944294,68.1505249781223,115.32174057349
40,1.7,289.25659231885,232.584350457899,88.8992413870125,64.144366948622,109.624700366413
40,1.8,297.771405361684,238.63012945755,85.1481304283326,60.4577899965075,104.428676553436
40,1.9,305.944081553476,244.334980775921,81.7267619179276,57.0485131837085,99.6684326658214
40,2,313.803438295568,249.723122722508,78.5935674209195,53.8814194658736,95.2898536235839
40,2.1,321.374810893708,254.815831278946,75.7137259813977,50.9270855643846,91.2476648800852
40,2.2,328.680594231222,259.631897365667,73.0578333751373,48.1606608672026,87.5036929085568
40,2.3,335.740681602571,264.187997519971,70.6008737134917,45.5610015430434,84.0255213058128
40,2.4,342.572823089624,268.498996905689,68.321414870534,43.1099938571788,80.7854399027301
40,2.5,349.192920245558,272.578198860113,66.2009715593337,40.7920195442411,77.7596135143267
40,2.6,355.615269777916,276.437551773115,64.223495323584,38.593529130023,74.9274171601314
40,2.7,361.852765934297,280.087821598618,62.3749615638096,36.5026982550256,72.2708987766458
40,2.8,367.917069081918,283.538736457638,60.6430314762051,34.5091485901981,69.7743405776391
40,2.9,373.818746324081,286.799108424268,59.0167724216289,32.6037196663069,67.4238975671495
40,3,379.567388764965,289.876936564537,57.4864244088416,30.7782814026833,65.207297117855
40,3.1,385.171709115427,292.779494532633,56.0432035046261,29.0255796809644,63.1135875614511
40,3.2,390.639622652478,295.513405453735,54.6791353705058,27.3391092110187,61.1329267851467
40,3.3,395.978314050082,298.084706388617,53.3869139760403,25.7130093488186,59.2564041573361
40,3.4,401.194292249548,300.498904345335,52.1597819946643,24.1419795671849,57.4758909035195
40,3.5,406.293435304471,302.761025548577,50.9914305492285,22.6212120324224,55.7839154530462
40,3.6,411.281026995415,304.875659474646,49.8759169094401,21.1463392606858,54.1735613716266
40,3.7,416.161786945155,306.84699899044,48.8075994974022,19.7133951579424,52.6383863482915
40,3.8,420.939895960746,308.678877781899,47.7810901559019,18.318787914589,51.1723613598798
40,3.9,425.619018369083,310.374806106788,46.7912240833734,16.9592832488869,49.769829611286
40,4,430.202323181497,311.938005745233,45.8330481241457,15.6319963844556,48.4254851427829
40,4.1,434.692505999436,313.371444836638,44.9018281793841,14.3343909140488,47.1343710759749
40,4.2,439.091813628842,314.677873071924,43.993076294065,13.0642823528561,45.8918972718559
40,4.3,443.402073364705,315.859857445535,43.1025973586312,11.8198437361062,44.6938765940733
40,4.4,447.624728783503,316.919818456244,42.2265541879745,10.5996101070956,43.536577874385
40,4.5,451.760883569107,317.860066281886,41.3615478560433,9.40247825641642,42.4167919391618
40,4.6,455.811354320081,318.682836058124,40.5047075097341,8.22769776238286,41.3319046369536
40,4.7,459.776732382347,319.39032100582,39.6537806226668,7.07484947695845,40.2799678846968
40,4.8,463.657453514767,319.984701844237,38.8072113241988,5.94380838416915,39.2597568620687
40,4.9,467.453872722221,320.468170791505,37.9641920745338,4.83468947267831,38.2707996019069
40,5,471.166340114875,320.842948586583,37.1246739265437,3.74777795078311,37.3133656177055
40,5.1,474.795272531847,321.111293431096,36.2893241697206,2.68344844512852,36.3884039805641
40,5.2,478.341215297322,321.27550152723,35.4594276547446,1.64208096133866,35.4974286320242
40,5.3,481.804889131582,321.337899853872,34.6367383426,0.623983266425967,34.642358437764
40,5.4,485.187218913486,321.300832761716,33.8232978190434,-0.370670921561123,33.8253288570532
40,5.5,488.489343341161,321.166644643359,33.0212442767493,-1.34188118357478,33.0484979794177
40,5.6,491.712606983969,320.937661183264,32.2326364280854,-2.28983460094232,32.3138699880532
40,5.7,494.858538170048,320.616171488335,31.459311860791,-3.21489694928915,31.6231539405711
40,5.8,497.928817231713,320.204412852022,30.7027906166422,-4.11758636313746,30.9776672638091
40,5.9,500.925239772915,319.704559198134,29.9642254120252,-4.99853653887913,30.3782845478997
40,5.99999999999999,503.849679030815,319.11871356604,29.2443925790031,-5.85845632094358,29.8254255255353
40,6.09999999999999,506.704050403969,318.448904458765,28.5437137315347,-6.69809107274041,29.3190725911739
40,6.19999999999999,509.490280124709,317.697085527052,27.8622972073958,-7.51818931713563,28.8588076032525
40,6.29999999999999,512.210279079484,316.865137894084,27.199989547753,-8.3194763296774,28.4438590524904
40,6.39999999999999,514.865922033305,315.954874394659,26.5564295382108,-9.10263499425285,28.073152898393
40,6.49999999999999,517.45903201086,314.968045058935,25.9310997755511,-9.86829335723631,27.7453626639491
40,6.59999999999999,519.991369294562,313.90634327184,25.3233728370165,-10.6170178709491,27.4589562859661
40,6.69999999999999,522.46462436644,312.77141215423,24.7325507187881,-11.3493111761041,27.2122385927632
40,6.79999999999999,524.880414094312,311.564850822672,24.1578972787188,-12.0656133155834,27.0033891504439
40,6.89999999999999,527.240280500241,310.28822028203,23.5986640592852,-12.7663054064112,26.8304956926398
40,6.99999999999999,529.545691520006,308.943048785725,23.0541101976496,-13.4517149630533,26.6915835508612
40,7.09999999999999,531.798043245667,307.530836562812,22.5235172566157,-14.1221222291327,26.5846415410031
40,7.19999999999999,533.998663227137,306.053059860794,22.0061998146958,-14.7777670201829,26.5076447159517
40,7.29999999999999,536.148814486362,304.511174290611,21.501512592252,-15.4188557018208,26.4585743173804
40,7.39999999999999,538.249699966371,302.906617488,21.0088548000844,-16.045568026118,26.435435182569
40,7.49999999999999,540.302467196221,301.240811125312,20.5276722984998,-16.658063626872,26.4362707996327
40,7.59999999999999,542.308213002266,299.515162321757,20.0574580604505,-17.2564880355538,26.459176161928
40,7.69999999999999,544.267988136992,297.73106450902,19.5977513472667,-17.8409781273684,26.5023085487007
40,7.79999999999999,546.182801730161,295.889897814619,19.1481359316844,-18.4116669440091,26.5638963504111
40,7.89999999999999,548.053625494183,293.993029027757,18.7082376402205,-18.9686878686271,26.642246058851
40,7.99999999999999,549.881397637631,292.041811212654,18.2777214344779,-19.5121781510277,26.7357475495602
40,8.09999999999999,551.667026458365,290.037583032808,17.8562882073435,-20.0422817984605,26.8428777934225
40,8.19999999999999,553.411393601755,287.981667846749,17.4436714339022,-20.5591518605891,26.9622031429314
40,8.29999999999999,555.115356980455,285.875372632045,17.0396337870012,-21.062952147042,27.0923803447334
40,8.39999999999999,556.779753360722,283.71998678975,16.6439638026666,-21.5538584229494,27.2321564328098
40,8.49999999999999,558.405400626735,281.516780876499,16.2564726601293,-22.0320591325028,27.3803676558155
40,8.59999999999999,559.993099739166,279.267005306176,15.8769911243078,-22.4977557032345,27.5359375878827
40,8.69999999999999,561.543636407631,276.971889057706,15.5053666846484,-22.9511624846989,27.6978745651079
40,8.79999999999998,563.057782498905,274.632638420221,15.1414609127421,-23.3925063748494,27.8652685806089
40,8.89999999999998,564.53629720408,272.250435801634,14.785147051756,-23.8220261858771,28.0372877601002
40,8.99999999999998,565.97992798839,269.826438621749,14.436307843095,-24.239971798843,28.2131745280341
40,9.09999999999998,567.38941134735,267.361778306419,14.0948335896044,-24.6466031532997,28.3922415619986
40,9.19999999999998,568.765473392331,264.857559394975,13.7606204498077,-25.0421891144376,28.5738676207286
40,9.29999999999998,570.108830287727,262.314858769347,13.4335689539576,-25.4270062562874,28.7574933190988
40,9.39999999999998,571.420188560718,259.734725009817,13.1135827299122,-25.8013375952923,28.9426169120985
40,9.49999999999998,572.700245303206,257.118177879389,12.800567424877,-26.1654713042837,29.1287901392096
40,9.59999999999998,573.949688283983,254.466207936125,12.4944298077728,-26.5196994326451,29.3156141709362
40,9.69999999999998,575.16919598761,251.779776270691,12.1950770362656,-26.8643166543321,29.5027356905199
40,9.79999999999998,576.359437594835,249.05981436454,11.9024160722556,-27.1996190615126,29.6898431361381
40,9.89999999999998,577.521072917811,246.307224062746,11.6163532297549,-27.5259030179431,29.8766631221033
40,9.99999999999998,578.654752301764,243.52287765446,11.3367938395315,-27.8434640828622,30.0629570517219
40,10.1,579.761116503321,240.707618053142,11.063642015573,-28.1525960131759,30.2485179294761
40,10.2,580.840796554249,237.862259068237,10.7968005092783,-28.4535898490496,30.4331673759911
40,10.3,581.894413618075,234.987585759666,10.536170638265,-28.7467330857102,30.6167528457821
40,10.4,582.922578845848,232.084354866437,10.2816522777279,-29.0323089322895,30.7991450449522
40,10.5,583.925893236186,229.153295300748,10.0331439033806,-29.3105956568911,30.9802355437738
40,10.6,584.904947503797,226.195108699176,9.79054267610836,-29.5818660157219,31.1599345773515
40,10.7,585.860321959751,223.21047002287,9.5537445595418,-29.846386763061,31.338169026272
40,10.8,586.792586406032,220.200028199067,9.32264446280399,-30.1044182380256,31.5148805682302
40,10.9,587.702300046199,217.164406796717,9.09713640167361,-30.3562140235023,31.6900239910186
40,11,588.590011413432,214.104204729496,8.87711367233318,-30.6020206722117,31.8635656569379
40,11.1,589.456258316705,211.019996980032,8.66246903272826,-30.8420774946402,32.0354821085678
40,11.2,590.30156780544,207.912335339683,8.45309488734584,-31.0766164034824,32.2057588058978
40,11.3,591.126456152633,204.781749158758,8.2488834719278,-31.3058618092498,32.3743889850186
40,11.4,591.931428856159,201.628746102577,8.04972703526793,-31.5300305618193,32.5413726288794
40,11.5,592.71698065774,198.453812909289,7.85551801580216,-31.7493319328709,32.7067155410049
40,11.6,593.483595578859,195.257416145849,7.66614921119379,-31.9639676344061,32.8704285135082
40,11.7,594.231746972813,192.040002958968,7.4815139395435,-32.1741318688066,33.032526581219
40,11.8,594.961897591936,188.802001818348,7.3015061912226,-32.3800114061991,33.19302835425
40,11.9,595.674499669,185.543823249828,7.1260207706421,-32.5817856852035,33.3519554218363
40,12,596.369995011753,182.265860556482,6.95495342753533,-32.7796269334631,33.5093318207959
40,12.1,597.048815109509,178.968490526014,6.78820097755284,-32.973700304677,33.6651835624626
40,12.2,597.711381250724,175.652074123097,6.62566141215032,-33.1641640291663,33.8195382124284
40,12.3,598.358104650514,172.316957165567,6.46723399789809,-33.351169575308,33.9724245179016
40,12.4,598.989386587059,168.963470983621,6.31281936545818,-33.5348618194597,34.1238720779334
40,12.5,599.605618545916,165.591933061394,6.16231958856703,-33.7153792222671,34.2739110521825
40,12.6,600.207182371259,162.202647660444,6.01563825343114,-33.892854009503,34.4225719042844
40,12.7,600.794450423159,158.795906424862,5.87268051899413,-34.06741235582,34.5698851762578
40,12.8,601.367785740015,155.37198896786,5.7333531685679,-34.2391745700145,34.7158812907214
40,12.9,601.927542205349,151.9311634398,5.59756465334248,-34.408255280602,34.8605903780103
40,13,602.474064718179,148.473687077732,5.46522512829964,-34.5747636206766,35.0040421255697
40,13.1,603.007689366285,144.999806736612,5.33624648105665,-34.7388034111969,35.1462656472686
40,13.2,603.528743601701,141.509759402414,5.21054235416142,-34.9004733419822,35.2872893705215
40,13.3,604.037546417836,138.003772687431,5.08802816134863,-35.0598671498336,35.4271409393231
40,13.4,604.534408527661,134.4820653081,4.968621098251,-35.2170737933116,35.5658471315044
40,13.5,605.019632542465,130.944847545719,4.85224014804089,-35.3721776238033,35.703433788701
40,13.6,605.493513150711,127.392321690459,4.73880608245577,-35.5252585526014,35.839925757684
40,13.7,605.956337296575,123.82468246908,4.62824145863867,-35.676392213796,35.9753468418592
40,13.8,606.408384357795,120.242117456795,4.52047061220005,-35.825650122849,36.1097197618668
40,13.9,606.849926322483,116.644807473717,4.41541964688361,-35.9730998307761,36.243066124337
40,14,607.281227964603,113.032926966326,4.31301642119371,-36.118805073915,36.3754063979629
40,14.1,607.702547017834,109.406644374396,4.21319053231786,-36.2628259192984,36.5067598961474
40,14.2,608.1141343476,105.766122483827,4.11587329765394,-36.4052189056836,36.6371447655666
40,14.3,608.516234121023,102.111518765795,4.02099773422893,-36.5460371803237,36.766577980066
40,14.4,608.90908397465,98.4429857026366,3.92849853627342,-36.6853306315845,36.8950753393752
40,14.5,609.29291517977,94.7606711008836,3.83831205119553,-36.8231460175305,37.0226514721829
40,14.6,609.667952805187,91.0647183918217,3.75037625417703,-36.9595270906192,37.1493198431695
40,14.7,610.034415877347,87.3552669199567,3.66463072159617,-37.0945147186493,37.2750927636371
40,14.8,610.392517537693,83.632452219745,3.5810166034632,-37.2281470021173,37.399981405417
40,14.9,610.742465197197,79.8964062809309,3.4994765950382,-37.3604593881408,37.5239958177716
40,15,611.084460687975,76.1472578028205,3.41995490778482,-37.4914847811043,37.6471449470349
40,15.1,611.418700411955,72.3851324378019,3.34239723979936,-37.6212536501862,37.7694366587624
40,15.2,611.74537548654,68.61015302441,3.26675074584056,-37.7497941339193,37.8908777621836
40,15.3,612.064671887247,64.8224398102167,3.19296400707343,-37.8771321419326,38.011474036768
40,15.4,612.37677058731,61.022110664815,3.12098700062865,-38.0032914540169,38.1312302607331
40,15.5,612.681847694217,57.2092812831503,3.05077106906842,-38.1282938166473,38.2501502413317
40,15.6,612.980074583201,53.3840653794414,2.98226888984004,-38.2521590370888,38.3682368467726
40,15.7,613.27161802768,49.5465748719213,2.91543444478947,-38.374905075201,38.4854920396317
40,15.8,613.556640326659,45.6969200586164,2.850222989799,-38.4965481330487,38.6019169116213
40,15.9,613.83529942912,41.835209784375,2.7865910246057,-38.6171027424139,38.7175117195896
40,16,614.107749055405,37.9615515993454,2.72449626285066,-38.7365818502964,38.8322759226265
40,16.1,614.374138815645,34.0760519090976,2.66389760240273,-38.854996902478,38.946208220155
40,16.2,614.634614325245,30.1788161165761,2.60475509599521,-38.9723579252154,39.0593065908909
40,16.3,614.889317317466,26.2699487560643,2.5470299222086,-39.0886736051172,39.1715683325548
40,16.4,615.138385753148,22.3495536193393,2.49068435682833,-39.2039513672507,39.2829901022199
40,16.5,615.381953927609,18.4177338741879,2.4356817446021,-39.3181974515138,39.3935679571832
40,16.6,615.62015257475,14.474592175458,2.38198647141799,-39.4314169872989,39.5032973962461
40,16.7,615.853108968442,10.5202307688112,2.32956393692112,-39.5436140664676,39.6121734012909
40,16.8,616.080947021201,6.55475158734655,2.27838052758391,-39.6547918146468,39.7201904790429
40,16.9,616.303787380225,2.5782563412617,2.22840359024218,-39.7649524608485,39.8273427029038
45,0,0,0,494.974746830583,494.974746830583,700
45,0.1,35.9846640945834,35.8866640945834,359.846640945834,358.866640945834,508.207507799468
45,0.2,64.8515597497901,64.5769441549141,288.668956552067,286.902800603307,406.992608619469
45,0.3,89.1531644749212,88.6318649887727,243.016047251311,240.549208338587,341.936720540471
45,0.4,110.230194937991,109.396943988559,210.770304630701,207.650789997858,295.876616008858
45,0.5,128.890084073074,127.682656660804,186.598891350828,182.857126722452,261.25825354723
45,0.6,145.662364348069,144.020611652106,167.722802749945,163.379549913024,234.144860913237
45,0.7,160.915467906699,158.780729649938,152.531035586304,147.60117997832,212.254152251546
45,0.8,174.917208698685,172.231929356763,140.017407919856,134.511997068249,194.160634207565
45,0.9,187.868968701998,184.576432967397,129.517600033139,123.44503610634,178.923127788556
45,1,199.926332706258,195.970475241746,120.573640042595,113.940422743493,165.892804569961
45,1.1,211.212199718741,206.537463525876,112.858670124828,105.669882841297,154.606609050319
45,1.2,221.825466031094,216.376693926956,106.132663123533,98.3923040107952,144.724523389251
45,1.3,231.846975366411,225.569324767151,100.215093353169,91.9263084019504,135.990849369341
45,1.4,241.343715004598,234.182589583484,94.9673963818732,86.1326481633346,128.209357907996
45,1.5,250.371848330111,242.272842193582,90.2813332551326,80.9025261009826,121.226803405206
45,1.6,258.978953347764,249.887804699095,86.071050176523,76.1496250551247,114.921673650037
45,1.7,267.205705903545,257.068258038042,82.2675255578082,71.8045333894711,109.196322175631
45,1.8,275.087166139374,263.849334208429,78.8146023582952,67.8107617038685,103.971346763207
45,1.9,282.653776013097,270.261518409075,75.6660987372282,64.1218420064583,99.1814958569046
45,2,289.932142801131,276.331436314664,72.7836678803454,60.6991790558886,94.7726366003144
45,2.1,296.945661617753,282.082479745146,70.1351881662147,57.5104343048244,90.6994744915309
45,2.2,303.715015120858,287.535309080683,67.6935350310472,54.5282933553707,86.923814120464
45,2.3,310.258578280828,292.708260456063,65.4356315996994,51.7295137538008,83.4132152362937
45,2.4,316.592748835576,297.617678506755,63.3417055474808,49.0941805069191,80.1399414855646
45,2.5,322.73221886247,302.27819025051,61.3947002689398,46.605117437549,77.0801283891036
45,2.6,328.690199129051,306.702931933396,59.5798026658124,44.2474168288587,74.2131173157678
45,2.7,334.478605116613,310.903737922112,57.8840598756172,42.0080598871588,71.5209164032954
45,2.8,340.108211559153,314.891298698041,56.2960644254006,39.8756077592918,68.987759522699
45,2.9,345.588780810603,318.675293505299,54.8056925145063,37.8399480725825,66.5997417572348
45,3,350.929169211224,322.264502087025,53.4038840062065,35.8920858172569,64.3445153160834
45,3.1,356.137414775882,325.666899113247,52.0824556465781,34.023970262223,62.2110338973916
45,3.2,361.220808906853,328.889734288858,50.8339413097163,32.2283517561064,60.1893366469096
45,3.3,366.185954395595,331.939600679081,49.6514548874157,30.4986639022268,58.2703653005374
45,3.4,371.038811689495,334.822493462741,48.5285729389973,28.8289278366001,56.4458100455958
45,3.5,375.784735238905,337.543861089643,47.4592354941002,27.2136762690202,54.7079812254071
45,3.6,380.428501691866,340.108650652183,46.4376645296104,25.6478956254,53.0497053429711
45,3.7,384.974331758569,342.521349160874,45.4583006670282,24.1269850869129,51.4642449562612
45,3.8,389.425907716083,344.786022317685,44.5157595751486,22.6467315681077,49.9452430294454
45,3.9,393.786388755277,346.906352287675,43.6048103919403,21.2032996999066,48.4866930969841
45,4,398.058426666803,348.885675852513,42.7203791152595,19.7932356483747,47.082937134206
45,4.1,402.244184684611,350.727024157218,41.8575801780729,18.4134830470501,45.728693139951
45,4.2,406.34536258598,352.433164994756,41.0117790136956,17.0614083753853,44.4191138319966
45,4.3,410.363231273305,354.006648166706,40.1786868732501,15.7348317195003,43.149876107582
45,4.4,414.298679865293,355.449853869397,39.3544859198796,14.4320570269064,41.9172975279404
45,4.5,418.152277587144,356.765043262691,38.5359772185076,13.1518939329388,40.7184706762006
45,4.6,421.92435125652,357.954409417325,37.7207366937581,11.8936615463421,39.5513989853553
45,4.7,425.615076814293,359.020125836783,36.9072555777304,10.6571641945824,38.4151098260854
45,4.8,429.224580320486,359.964388961588,36.0950350619338,9.44263124805046,37.3097151022209
45,4.9,432.753040713278,360.789450826061,35.2846039279212,8.2506186447301,36.2363903054794
45,5,436.200784384764,361.497638654507,34.4774367148524,7.08187828445386,35.1972533369079
45,5.1,439.568361304669,362.091359737415,33.6757691990513,5.93721082908417,34.1951444444495
45,5.2,442.85659458977,362.573092130563,32.8823328510103,4.81732393147738,33.2333330195065
45,5.3,446.066599703201,362.945363948659,32.1000511343089,3.72271818096393,32.3151963243321
45,5.4,449.199774589892,363.210725585251,31.331748866915,2.65361636591273,31.4439209844585
45,5.5,452.257766405418,363.371719654269,30.579918155263,1.6099406901849,30.6222680970645
45,5.6,455.242422930017,363.430852840852,29.8465652459896,0.591331865828006,29.8524225207713
45,5.7,458.155737031586,363.390572563347,29.1331410156908,-0.402802775051189,29.1359255132854
45,5.8,460.999791184834,363.253249892828,28.4405415324767,-1.37322670518329,28.4736747583511
45,5.9,463.776706924823,363.021168941949,27.7691573998902,-2.32080950879301,27.8659695592309
45,5.99999999999999,466.488601960647,362.696522101523,27.1189503582376,-3.24646840426395,27.3125799885775
45,6.09999999999999,469.137555938452,362.281410071754,26.4895397780463,-4.15112029768505,26.8128237486944
45,6.19999999999999,471.725584663125,361.777845510799,25.8802872467375,-5.03564560955068,26.3656404185188
45,6.29999999999999,474.254621915221,361.187759189906,25.2903725209611,-5.90086320893262,25.969657850259
45,6.39999999999999,476.726507705483,360.513007704559,24.7188579026211,-6.7475148534691,25.6232490661851
45,6.49999999999999,479.142981758699,359.755381979482,24.1647405321574,-7.57625725077166,25.3245801330715
45,6.59999999999999,481.505681103189,358.916615985481,23.626993444896,-8.38765994001123,25.0716504944215
45,6.69999999999999,483.816140787744,357.998395241595,23.1045968455527,-9.18220743885703,24.8623275025836
45,6.79999999999999,486.075796909233,357.002364802601,22.596561214894,-9.96030438994336,24.6943767339607
45,6.89999999999999,488.285991287362,355.930136531416,22.10194378129,-10.7222827118474,24.5654893186374
45,6.99999999999999,490.447977257597,354.783295532575,21.619859702341,-11.4684099884109,24.4733071163501
45,7.09999999999999,492.562926166086,353.563405681251,21.1494890848886,-12.1988985132341,24.4154462070225
45,7.19999999999999,494.631934242574,352.272014226411,20.6900807648819,-12.9139145484015,24.3895188763688
45,7.29999999999999,496.656029601424,350.910655479819,20.240953588507,-13.6135874659227,24.3931540778232
45,7.39999999999999,498.636179180122,349.480853627335,19.8014957869771,-14.2980185248375,24.4240162368573
45,7.49999999999999,500.57329547188,347.984124717041,19.3711629175784,-14.9672891029442,24.4798222189312
45,7.59999999999999,502.468242946747,346.421977891582,18.9494747486681,-15.6214682545922,24.5583562902659
45,7.69999999999999,504.321844085895,344.79591594074,18.536011391481,-16.2606195084184,24.6574829433718
45,7.79999999999999,506.134884978135,343.107435255372,18.1304089223978,-16.8848068536815,24.7751575207806
45,7.89999999999999,507.908120447343,341.358025266119,17.7323546920859,-17.4940998925272,24.9094346378167
45,7.99999999999999,509.642278695319,339.549167450203,17.341582479761,-18.0885781591565,25.0584744691745
45,8.09999999999999,511.338065457277,337.682333987586,16.9578676195803,-18.668334626174,25.220547018612
45,8.19999999999999,512.996167677305,335.758986144196,16.5810222002802,-19.2334784338947,25.3940345331985
45,8.29999999999999,514.617256719052,333.780572455146,16.2108904174642,-19.7841368905024,25.5774322524598
45,8.39999999999999,516.201991133013,331.748526775143,15.8473441396115,-20.3204568000292,25.769347699178
45,8.49999999999999,517.751019006344,329.664266256992,15.4902787333077,-20.8426051815081,25.9684987241811
45,8.59999999999999,519.26497992434,327.529189312329,15.1396091799618,-21.3507694466322,26.173710514278
45,8.69999999999999,520.744506574843,325.344673601815,14.7952665050282,-21.8451571051409,26.3839117627219
45,8.79999999999998,522.190226027967,323.112074095092,14.4571945312467,-22.3259950672289,26.5981301872188
45,8.89999999999998,523.602760723911,320.832721234012,14.125346959436,-22.7935286108009,26.8154875632693
45,8.99999999999998,524.982729201287,318.507919226147,13.7996847737565,-23.2480200786524,27.035194421947
45,9.09999999999998,526.330746597582,316.13894448946,13.4801739629538,-23.6897473668718,27.2565445421408
45,9.19999999999998,527.64742495206,313.727044263341,13.1667835447751,-24.1190022611888,27.4789093486293
45,9.29999999999998,528.9333733398,311.273435396057,12.8594838774018,-24.5360886728371,27.7017323096315
45,9.39999999999998,530.189197863726,308.779303314059,12.5582452392625,-24.9413208199796,27.9245234110558
45,9.49999999999998,531.415501529413,306.245801174556,12.2630366568741,-25.3350213950296,28.1468537697279
45,9.59999999999998,532.612884025345,303.674049199309,11.9738249593194,-25.7175197524708,28.3683504345097
45,9.69999999999998,533.781941429096,301.065134184693,11.6905740375111,-26.0891501461621,28.5886914124365
45,9.79999999999998,534.923265857739,298.420109180719,11.4132442864298,-26.4502500397393,28.8076009467372
45,9.89999999999998,536.037445078637,295.739993329851,11.1417922089751,-26.801158508682,29.0248450647971
45,9.99999999999998,537.125062094723,293.025771855053,10.8761701608582,-27.1422147479782,29.240227406662
45,10.1,538.186694716424,290.278396185539,10.6163262170094,-27.4737566951345,29.4535853384509
45,10.2,539.222915130546,287.498784208082,10.3622041412247,-27.7961197745785,29.6647863499323
45,10.3,540.234289474761,284.687820631453,10.1137434421505,-28.1096357662906,29.8737247313951
45,10.4,541.221377424778,281.846357451575,9.87087950016979,-28.4146317987793,30.0803185217024
45,10.5,542.184731799903,278.975214505149,9.63354375124762,-28.7114294642563,30.2845067169364
45,10.6,543.124898191432,276.075180099944,9.40166391528829,-29.0003440520509,30.486246727227
45,10.7,544.042414617233,273.147011710455,9.17516425801241,-29.2816838948855,30.6855120680999
45,10.8,544.937811204909,270.191436728297,8.95396587676022,-29.555749821582,30.8822902719039
45,10.9,545.811609905104,267.209153257394,8.73798700194473,-29.8228347090327,31.076581004487
45,11,546.664324235814,264.200830944813,8.52714330710449,-30.0832231258085,31.2683943722263
45,11.1,547.496459057977,261.167111838858,8.32134822163058,-30.3371910595538,31.4577494047096
45,11.2,548.308510382103,258.10861126683,8.12051324126288,-30.5850057202816,31.6446726987527
45,11.3,549.10096520534,255.025918725649,7.92454823236567,-30.8269254118055,31.8291972099848
45,11.4,549.87430137802,251.91959877927,7.73336172680394,-31.0631994637919,32.0113611788833
45,11.5,550.628987498516,248.790191957545,7.54686120495364,-31.2940682172529,32.1912071788698
45,11.6,551.365482835015,245.638215651874,7.36495336499741,-31.519763056704,32.3687812748541
45,11.7,552.084237272734,242.464165003608,7.18754437718798,-31.7405064826626,32.5441322814112
45,11.8,552.785691284955,239.268513781744,7.01454012221237,-31.9565122186396,32.7173111105756
45,11.9,553.470275926272,236.051715247018,6.84584641316825,-32.1679853472621,32.8883702000321
45,12,554.13841284637,232.814202999952,6.68136920097781,-32.3751224706537,33.0573630132471
45,12.1,554.790514322702,229.556391810885,6.52101476331973,-32.5781118906766,33.2243436038227
45,12.2,555.426983310439,226.278678430375,6.36468987736629,-32.7771338050978,33.3893662370571
45,12.3,556.048213508116,222.981442378757,6.21230197677348,-32.9723605161791,33.5524850623543
45,12.4,556.654589437466,219.665046713897,6.06375929349671,-33.1639566486024,33.7137538307417
45,12.5,557.246486535975,216.329838776494,5.91897098509579,-33.3520793740242,33.8732256523292
45,12.6,557.824271260801,212.976150912504,5.77784724825789,-33.5368786399053,34.0309527890704
45,12.7,558.388301202732,209.604301172445,5.64029941930892,-33.7184974005891,34.1869864786732
45,12.8,558.938925208983,206.214593987556,5.50624006250663,-33.8970718488908,34.3413767859534
45,12.9,559.476483513674,202.807320822883,5.37558304691683,-34.0727316467325,34.4941724783266
45,13,560.001307874941,199.382760807523,5.24824361266936,-34.2456001535916,34.6454209225057
45,13.1,560.513721717679,195.941181342348,5.12413842737596,-34.4157946517499,34.7951679998003
45,13.2,561.014040281026,192.482838685597,5.00318563347067,-34.5834265675154,34.9434580377171
45,13.3,561.502570769746,189.007978516821,4.88530488720535,-34.7486016877592,35.0903337558293
45,13.4,561.979612508747,185.516836479695,4.77041739000131,-34.9114203712559,35.2358362241251
45,13.5,562.445457100029,182.009638704251,4.65844591282355,-35.0719777544449,35.3800048322634
45,13.6,562.90038858145,178.486602309117,4.54931481420731,-35.2303639513414,35.5228772683568
45,13.7,563.344683586703,174.947935884375,4.44295005252964,-35.3866642474212,35.6644895060758
45,13.8,563.778611506011,171.393839955636,4.33927919308095,-35.5409592873883,35.8048757990207
45,13.9,564.202434647056,167.824507429956,4.23823141045425,-35.6933252568002,35.944068681443
45,14,564.616408395729,164.240124024197,4.13973748673331,-35.8438340575896,36.0820989745204
45,14.1,565.020781376322,160.64086867644,4.04372980592575,-35.9925534775653,36.2189957974918
45,14.2,565.415795610827,157.026913941038,3.95014234505275,-36.1395473540194,36.3547865830566
45,14.3,565.801686677055,153.398426367879,3.85891066227476,-36.2848757315976,36.4894970965194
45,14.4,566.178683865295,149.755566866417,3.76997188240169,-36.4285950146163,36.6231514582378
45,14.5,566.547010333306,146.098491055014,3.68326468010675,-36.570758114029,36.7557721689878
45,14.6,566.906883259419,142.427349596088,3.59872926113572,-36.71141458926,36.887380137921
45,14.7,567.258513993597,138.742288517575,3.51630734177778,-36.8506107851314,37.0179947128297
45,14.8,567.602108206281,135.043449521163,3.43594212683998,-36.9883899641156,37.1476337124786
45,14.9,567.937866034915,131.330970277749,3.35757828634498,-37.1247924341476,37.2763134607954
45,15,568.265982228031,127.604984710525,3.28116193115117,-37.2598556722315,37.4040488227405
45,15.1,568.586646286798,123.865623266119,3.20664058767513,-37.3936144440688,37.5308532417023
45,15.2,568.900042603986,120.113013174125,3.13396317187841,-37.5261009199341,37.656738778282
45,15.3,569.206350600252,116.347278695424,3.06307996266476,-37.6573447870131,37.7817161503506
45,15.4,569.505744857734,112.568541359583,2.99394257481876,-37.7873733584106,37.905794774272
45,15.5,569.798395250895,108.77692019168,2.92650393160319,-37.9162116790233,38.0289828071984
45,15.6,570.084467074607,104.972531928834,2.86071823711987,-38.0438826284641,38.1512871903497
45,15.7,570.364121169459,101.155491226713,2.79654094852762,-38.1704070212073,38.2727136931969
45,15.8,570.637514044279,97.3259108563017,2.73392874820013,-38.2958037041159,38.3932669584709
45,15.9,570.904797995869,93.4839018911521,2.6728395158975,-38.420089651496,38.5129505479226
45,16,571.166121225971,89.6295738853711,2.61323230101646,-38.5432800578094,38.6317669887594
45,16.1,571.421627955468,85.7630350425547,2.55506729497655,-38.6653884281642,38.7497178206845
45,16.2,571.671458535848,81.8843923758861,2.49830580379263,-38.786426666686,38.8668036434626
45,16.3,571.915749557935,77.9937518595998,2.4429102208777,-38.9064051628628,38.9830241649376
45,16.4,572.154633957947,74.0912185720059,2.38884400011446,-39.0253328759395,39.0983782494206
45,16.5,572.38824112087,70.176896830263,2.3360716292287,-39.1432174174287,39.2128639663693
45,16.6,572.616696981219,66.250890317084,2.28455860349345,-39.26006513179,39.3264786392729
45,16.7,572.840124121198,62.3133021995521,2.23427139978839,-39.3758811753194,39.4392188946584
45,16.8,573.058641866302,58.3642352402242,2.18517745103557,-39.4906695932791,39.5510807111266
45,16.9,573.272366378404,54.4037919006953,2.13724512102917,-39.6044333952889,39.6620594683286
45,17,573.481410746372,50.4320744377964,2.09044367967423,-39.7171746289886,39.7721499957881
45,17.1,573.685885074236,46.4491849925988,2.0447432786468,-39.8288944519765,39.8813466214752
45,17.2,573.885896566985,42.4552256723972,2.00011492748533,-39.9395932020161,39.9896432200349
45,17.3,574.081549613997,38.4502986258469,1.95653047012178,-40.0492704655024,40.0970332605727
45,17.4,574.272945870183,34.4345061114302,1.91396256185843,-40.1579251441676,40.2035098539016
45,17.5,574.460184334863,30.4079505594295,1.87238464679554,-40.2655555200069,40.3090657991513
45,17.6,574.643361428434,26.3707346275899,1.83177093571302,-40.3721593183956,40.4136936296453
45,17.7,574.822571066875,22.3229612506528,1.7920963844086,-40.4777337693712,40.5173856579506
45,17.8,574.997904734124,18.2647336839481,1.75333667249354,-40.5822756670475,40.6201340200072
45,17.9,575.169451552389,14.196155541235,1.71546818264628,-40.6857814271301,40.7219307182491
45,18,575.337298350421,10.1173308269851,1.67846798032346,-40.7882471424991,40.8227676636281
45,18.1,575.501529729814,6.02836396330226,1.64231379392716,-40.8896686368287,40.9226367164602
45,18.2,575.662228129356,1.92935981168105,1.60698399542642,-40.9900415162121,41.0215297260152
50,0,0,0,449.951326780578,536.231110183285,700
50,0.1,32.711461456948,38.8860017103248,327.11461456948,388.860017103248,508.149666895963
50,0.2,58.9544256710174,69.9845275107807,262.429642140695,310.985258004559,406.916634914641
50,0.3,81.0491148327963,96.0692504435146,220.946891617788,260.84722932734,341.846172954024
50,0.4,100.214072820396,118.59716816807,191.649579875998,225.279177245551,295.77063607985
50,0.5,117.183098266765,138.445823379577,169.690254463687,198.486552115073,261.135393676309
50,0.6,132.437411793879,156.190781458983,152.543135271142,177.449580794055,234.003764590093
50,0.7,146.311824141195,172.232535309058,138.744123473154,160.417538500754,212.093654919176
50,0.8,159.049707816663,186.862221742012,127.37883675469,146.29686432954,193.979742668232
50,0.9,170.83406663961,200.298767886843,117.843588229468,134.365461448312,178.720979510001
50,1,181.806288407802,212.711313968702,109.722217681919,124.125460818585,165.668630333158
50,1.1,192.078059975929,224.233461704078,102.717715681271,115.221477353762,154.359703155849
50,1.2,201.739257838014,234.972710987644,96.6119786208499,107.392492835665,144.454220881544
50,1.3,210.863355107593,245.016926938946,91.240972695788,100.442159513012,135.696508820643
50,1.4,219.511234536508,254.438900908803,86.4787942891524,94.2197396985772,127.890348387098
50,1.5,227.733944160559,263.299647000991,82.2270962405074,88.6074609218767,120.882494543948
50,1.6,235.574731400875,271.65083565969,78.4078724031583,83.5118865869886,114.551427996808
50,1.7,243.070572570384,279.536623746725,74.9584116950874,78.8578808703497,108.799489241506
50,1.8,250.253341842903,286.995053382876,71.8276927251969,74.58429636151,103.547258321826
50,1.9,257.150717669361,294.059136741525,68.9737582645818,70.640833586488,98.7294621626941
50,2,263.786894713381,300.757708220475,66.3617704401938,66.9857147894994,94.2919432497663
50,2.1,270.183149489122,307.11610164227,63.9625477574134,63.583934217957,90.1893796755077
50,2.2,276.35829437222,313.156693987315,61.7514488309735,60.4059234504473,86.3835460063179
50,2.3,282.329045294577,318.899345987964,59.7075092235771,57.4265200064945,82.841969180723
50,2.4,288.11032183408,324.361762042429,57.8127653950293,54.624160544641,79.5368767165735
50,2.5,293.715493681673,329.559786281904,56.0517184759236,51.9802423947553,76.4443637132373
50,2.6,299.156584031632,334.507647550264,54.4109034995955,49.4786126835965,73.5437253117875
50,2.7,304.444437912574,339.218163073343,52.8785388094146,47.1051552307894,70.8169154647075
50,2.8,309.588861598889,343.702908394469,51.4442368631536,44.8474532112619,68.248103021026
50,2.9,314.598737839544,347.972359522078,50.098762406548,42.6945112760928,65.8233035312887
50,3,319.482120593085,352.036012026478,48.8338275354148,40.6365250440005,63.5300706705912
50,3.1,324.246312181761,355.90248093212,47.641915886756,38.6646890564193,61.3572353450701
50,3.2,328.8979252177,359.579584604963,46.5161303593914,36.7710367284308,59.2946837894891
50,3.3,333.442931273443,363.074415378191,45.4500605574357,34.9483077322758,57.3331685678057
50,3.4,337.886698045729,366.393399354527,44.437667722852,33.1898397633658,55.4641485661188
50,3.5,342.234016685013,369.542347640338,43.4731863928383,31.4894828581034,53.6796559770761
50,3.6,346.489121032578,372.526501182093,42.5510434756522,29.8415354175579,51.9721900341346
50,3.7,350.65570072734,375.35057136828,41.6657969476235,28.2407018618648,50.3346389371308
50,3.8,354.736910522354,378.018778605396,40.8120979501374,26.6820723711561,48.7602330297059
50,3.9,358.735378685836,380.534891142373,39.9846816348252,25.1611253697741,47.2425337520312
50,4,362.653218028917,382.902266452602,39.1783934308071,23.6737531022955,45.7754639273875
50,4.1,366.49204382662,385.123897406793,38.3882579770293,22.2163095419019,44.3533849911431
50,4.2,370.253003513157,387.202465164066,37.6095968653648,20.7856775727375,42.9712248898383
50,4.3,373.936823236444,389.140400015441,36.8381972328747,19.3793485137459,41.6246552440426
50,4.4,377.543875697957,390.939950167451,36.0705246151348,17.9955015201051,40.3103066345464
50,4.5,381.074271651233,392.603256564339,35.303959532753,16.6330639688788,39.0259961523479
50,4.6,384.527973611139,394.132429447746,34.5370195990663,15.291728834063,37.7709239166955
50,4.7,387.904924935754,395.529619957561,33.7695132461468,13.9719050981555,36.5457816574437
50,4.8,391.20518167469,396.797078607198,33.0025673893599,12.6745864963639,35.3527169697472
50,4.9,394.429030603293,397.9371929519,32.2384892860282,11.4011434470277,34.1951204610403
50,5,397.577076974916,398.952499718304,31.4804637162331,10.1530676640383,33.0772486579463
50,5.1,400.650290646277,399.845671469541,30.7321367136055,8.93171751236986,32.0037467291646
50,5.2,403.650007886489,400.619482865418,29.9971724021276,7.73811395876834,30.9791665440155
50,5.3,406.577895057548,401.276764872813,29.2788717105809,6.5728200739535,30.0075705842579
50,5.4,409.435886253287,401.820355917995,28.5799119573896,5.435910451818,29.0922754340792
50,5.5,412.226108561443,402.253057294207,27.9022230815612,4.327013762119,28.23574155199
50,5.6,414.950806626058,402.577597318661,27.2469806461499,3.24540024454152,27.4395804829254
50,5.7,417.612274451298,402.796605960575,26.6146782524003,2.19008641913278,26.704635870988
50,5.8,420.212798575204,402.91259962649,26.0052412390658,1.15993665915587,26.0310972676002
50,5.9,422.754613791645,402.927974642828,25.4181521644103,0.153750163379017,25.4186171647054
50,5.99999999999999,425.239870747313,402.845007547679,24.8525695566746,-0.829670951491223,24.8664144471433
50,6.09999999999999,427.670613819519,402.665860328155,24.3074307220588,-1.79147219523871,24.3733576048521
50,6.19999999999999,430.048767391545,402.392588986276,23.7815357202671,-2.73271341879304,23.9380275679429
50,6.29999999999999,432.37612871258,402.027154133154,23.2736132103486,-3.65434853122279,23.5587634448959
50,6.39999999999999,434.654365764441,401.571432616129,22.7823705186049,-4.55721517024343,23.2336957145197
50,6.49999999999999,436.885018839905,401.027229442199,22.3065307546447,-5.44203173930269,22.9607714103749
50,6.59999999999999,439.069504806576,400.396289466214,21.8448596667122,-6.30939975984868,22.7377751591471
50,6.69999999999999,441.20912326032,399.68030846912,21.3961845374327,-7.15980997094104,22.5623489818737
50,6.79999999999999,443.305063957502,398.880943369378,20.9594069718243,-7.99365099741681,22.4320127692336
50,6.89999999999999,445.358415058999,397.999821399248,20.5335110149692,-8.81121970129822,22.3441864301748
50,6.99999999999999,447.370171828297,397.038548144765,20.1175676929833,-9.61273254483316,22.2962139579853
50,7.09999999999999,449.341245508637,395.998714400029,19.7107368033942,-10.3983374473602,22.2853890924492
50,7.19999999999999,451.272472166779,394.881901827013,19.3122665814276,-11.1681257301595,22.3089818870511
50,7.29999999999999,453.164621339164,393.689687444237,18.9214917238453,-11.9221438277627,22.3642653021602
50,7.39999999999999,455.018404354005,392.423646993148,18.5378301484068,-12.6604045108885,22.4485409100571
50,7.49999999999999,456.834482233303,391.085357250976,18.1607787929863,-13.3828974217207,22.5591628782648
50,7.59999999999999,458.613473103759,389.676397373931,17.7899087045603,-14.0895987704478,22.6935595539526
50,7.69999999999999,460.355959066539,388.198349365455,17.4248596277965,-14.7804800847625,22.8492521668538
50,7.79999999999999,462.062492493643,386.652797771234,17.0653342710401,-15.455515942209,23.0238703701661
50,7.89999999999999,463.733601733743,385.041328706326,16.7110924010022,-16.1146906490848,23.2151645255969
50,7.99999999999999,465.369796223194,383.365528320418,16.3619448945059,-16.7580038590728,23.421014795938
50,8.09999999999999,466.971571008711,381.62698080543,16.0177478551728,-17.3854751498872,23.6394372297489
50,8.19999999999999,468.539410697151,379.827266045725,15.6783968843958,-17.9971475970454,23.86858710721
50,8.29999999999999,470.073792855059,377.967957005664,15.3438215790812,-18.5930904006068,24.1067598672201
50,8.39999999999999,471.575190886394,376.050616942301,15.0139803133549,-19.1734006336284,24.3523899588404
50,8.49999999999999,473.04407642116,374.076796523251,14.6888553476604,-19.7382041905034,24.6040479614737
50,8.59999999999999,474.480921250799,372.048030921288,14.3684482963873,-20.2876560196336,24.8604363038328
50,8.69999999999999,475.88619884823,369.965836948447,14.0527759743068,-20.8219397284111,25.120383887147
50,8.79999999999998,477.260385511489,367.831710283488,13.7418666325947,-21.3412666495855,25.3828398875447
50,8.89999999999998,478.60396117019,365.647122837776,13.4357565870058,-21.8458744571206,25.6468669794488
50,8.99999999999998,479.917409893566,363.413520296086,13.1344872337593,-22.3360254168987,25.9116341884901
50,9.09999999999998,481.201220137847,361.132319860744,12.8381024428122,-22.8120043534222,26.1764095504463
50,9.19999999999998,482.455884769183,358.804908219917,12.5466463133626,-23.2741164082642,26.4405527230058
50,9.29999999999998,483.681900896439,356.432639753946,12.2601612725634,-23.7226846597112,26.7035076702174
50,9.39999999999998,484.879769545985,354.016834987338,11.97868649546,-24.1580476660829,26.9647955155097
50,9.49999999999998,486.049995208188,351.558779288553,11.7022566220267,-24.5805569878469,27.2240076381226
50,9.59999999999998,487.193085282767,349.059721814943,11.4309007457866,-24.9905747361031,27.4807990695463
50,9.69999999999998,488.309549447545,346.520874696193,11.1646416477845,-25.3884711875055,27.7348822309063
50,9.79999999999998,489.399898972501,343.943412446353,10.9034952495628,-25.7746224983908,27.9860210389364
50,9.89999999999998,490.46464599842,341.328471591958,10.6474702591849,-26.1494085439565,28.2340253970094
50,9.99999999999998,491.504302796938,338.677150501768,10.396567985178,-26.5132109018965,28.4787460784156
50,10.1,492.519381026382,335.990509402363,10.150782294446,-26.8664109940482,28.7200700014877
50,10.2,493.510390995548,333.269570562924,9.91009969165383,-27.2093883943942,28.9579158900551
50,10.3,494.477840945471,330.515318632201,9.67449949923648,-27.5425193072268,29.1922303079036
50,10.4,495.422236357367,327.728701110659,9.44395411896032,-27.8661752154265,29.4229840522317
50,10.5,496.344079293149,324.910628941098,9.21842935781645,-28.1807216956096,29.6501688883968
50,10.6,497.243867773437,322.061977201664,8.99788480288434,-28.4865173943363,29.8737946063736
50,10.7,498.122095196601,319.183585885905,8.78227423163718,-28.7839131575865,30.0938863781859
50,10.8,498.979249801194,316.276260755481,8.57154604592658,-29.073251304248,30.3104823949966
50,10.9,499.815814173149,313.340774252144,8.36564371955565,-29.3548650333656,30.5236317624501
50,11,500.63226479824,310.377866456714,8.1645062509081,-29.6290779543033,30.733392633149
50,11.1,501.429071659593,307.388246083843,7.96806861353122,-29.8962037287062,30.9398305557455
50,11.2,502.20669787948,304.372591502526,7.77626219886687,-30.1565458131681,31.1430170209508
50,11.3,502.965599404128,301.331551773352,7.58901524648356,-30.4103972917427,31.3430281857544
50,11.4,503.706224729947,298.265747694567,7.40625325818671,-30.6580407878457,31.5399437582506
50,11.5,504.429014669275,295.175772850005,7.22789939327774,-30.8997484456273,31.7338460266384
50,11.6,505.134402153575,292.062194652853,7.0538748430034,-31.135781971517,31.9248190171628
50,11.7,505.822812071864,288.925555380121,6.88409918289303,-31.3663927273189,32.1129477669726
50,11.8,506.494661142088,285.766373193427,6.71849070223337,-31.5918218669434,32.2983176990486
50,11.9,507.150357813127,282.585143142469,6.55696671038818,-31.8123005095775,32.4810140875066
50,12,507.790302195131,279.382338148189,6.39944382004374,-32.028049942797,32.6611216026669
50,12.1,508.414886015907,276.158409963208,6.24583820776063,-32.2392818498124,32.8387239263216
50,12.2,509.024492601152,272.913790107639,6.09606585244813,-32.446198555687,33.0139034285928
50,12.3,509.619496876407,269.648890778841,5.95004275255686,-32.6489932879837,33.186740898679
50,12.4,510.200265388699,266.364105734055,5.80768512291815,-32.8478504478637,33.3573153226123
50,12.5,510.767156345924,263.059811145236,5.66890957225146,-33.0429458881914,33.5257037019107
50,12.6,511.320519672166,259.736366425668,5.53363326242035,-33.2344471956768,33.6919809077055
50,12.7,511.860697077222,256.394115028215,5.40177405055005,-33.4225139745276,33.8562195655494
50,12.8,512.388022138734,253.033385215268,5.27325061512931,-33.6072981294726,34.0184899666816
50,12.9,512.902820395456,249.65449080063,5.1479825672116,-33.7889441463737,34.1788600020404
50,13,513.405409450236,246.257731863735,5.02589054780898,-33.9675893689531,34.337395115768
50,13.1,513.89609908149,242.843395436691,4.9068963125392,-34.1433642704422,34.4941582753677
50,13.2,514.375191361945,239.411756164771,4.79092280454658,-34.3163927192003,34.6492099560366
50,13.3,514.842980783612,235.963076941015,4.67789421667059,-34.4867922375627,34.802608137023
50,13.4,515.299754387991,232.497609515678,4.56773604378638,-34.6546742533662,34.9544083081466
50,13.5,515.74579190061,229.015595081303,4.46037512618906,-34.820144343754,35.1046634848732
50,13.6,516.181365869094,225.517264834202,4.35573968484022,-34.9833024710051,35.2534242305612
50,13.7,516.606741804018,222.002840513178,4.25375934924189,-35.1442432102445,35.4007386846953
50,13.8,517.022178321883,218.472534916278,4.15436517865028,-35.3030559689928,35.5466525960944
50,13.9,517.427927289612,214.926552396419,4.05748967729033,-35.4598251985949,35.6912093602364
50,14,517.82423397003,211.365089336655,3.9630668041827,-35.6146305976363,35.8344500599703
50,14.1,518.211337167845,207.788334605904,3.87103197814684,-35.7675473075122,35.9764135090056
50,14.2,518.589469375695,204.196469995868,3.78132207849889,-35.9186461003601,36.117136297667
50,14.3,518.958856919887,200.589670639908,3.69387544192027,-36.0679935596009,36.2566528404903
50,14.4,519.31972010548,196.968105414572,3.60863185593237,-36.2156522533627,36.3949954253074
50,14.5,519.672273360417,193.331937324463,3.52553254937503,-36.3616809010817,36.5321942635369
50,14.6,520.016725378443,189.681323871105,3.4445201802514,-36.5061345335872,36.6682775414462
50,14.7,520.353279260569,186.016417406406,3.36553882126848,-36.6490646469867,36.8032714722004
50,14.8,520.682132654907,182.337365471339,3.28853394337279,-36.790519350674,36.9372003485515
50,14.9,521.003477894662,178.644311120361,3.21345239755183,-36.9305435097766,37.0700865960525
50,15,521.317502134176,174.937393232125,3.14024239514658,-37.0691788823628,37.2019508267092
50,15.1,521.624387482866,171.216746806953,3.06885348689579,-37.2064642517167,37.3328118930025
50,15.2,521.924311136957,167.482503251555,2.99923654091145,-37.342435553983,37.4626869422324
50,15.3,522.217445508934,163.734790651408,2.93134371976408,-37.4771260014716,37.5915914711466
50,15.4,522.503958354617,159.973734031217,2.86512845683866,-37.6105662019009,37.719539380827
50,15.5,522.784012897828,156.199455603833,2.80054543210471,-37.742784273842,37.8465430318154
50,15.6,523.057767952571,152.412075007972,2.73755054742904,-37.8738059586133,37.9726132994613
50,15.7,523.325378042725,148.611709535086,2.67610090154561,-38.0036547288579,38.0977596294782
50,15.8,523.586993519204,144.798474345684,2.61615476478443,-38.132351894019,38.221990093696
50,15.9,523.842760674569,140.972482675393,2.55767155364971,-38.2599167029132,38.3453114459931
50,16,524.092821855102,137.133846031035,2.50061180532744,-38.386366443583,38.4677291783903
50,16.1,524.337315570321,133.282674376975,2.44493715219292,-38.511716540592,38.5892475772861
50,16.2,524.576376599959,129.419076311984,2.3906102963805,-38.6359806499115,38.7098697798055
50,16.3,524.810136098406,125.543159236832,2.3375949844701,-38.7591707515268,38.8295978302303
50,16.4,525.03872169664,121.655029512844,2.28585598233834,-38.8812972398787,38.948432736476
50,16.5,525.262257601661,117.75479261162,2.23535905021588,-39.0023690122364,39.0663745265674
50,16.6,525.48086469346,113.842553256112,2.18607091798711,-39.1223935550835,39.1834223050681
50,16.7,525.694660619536,109.918415553253,2.13795926076369,-39.2413770285863,39.2995743094037
50,16.8,525.903759887012,105.982483118334,2.09099267475862,-39.359324349195,39.414827966021
50,16.9,526.108273952361,102.034859191292,2.04514065348405,-39.47623927042,39.5291799463129
50,17,526.30831130879,98.0756467451106,2.00037356429247,-39.5921244618095,39.6426262222388
50,17.1,526.503977571318,94.104948586496,1.95666262527776,-39.7069815861462,39.7551621215624
50,17.2,526.695375559573,90.1228674490091,1.91397988255006,-39.8208113748689,39.8667823826265
50,17.3,526.882605378362,86.1295060788376,1.87229818789586,-39.9336137017157,39.9774812085786
50,17.4,527.065764496046,82.1249673133797,1.83159117683293,-40.0453876545786,40.0872523209627
50,17.5,527.244947820752,78.1093541528245,1.79183324706733,-40.1561316055515,40.1960890125851
50,17.6,527.420247774488,74.0827698249099,1.75299953735882,-40.2658432791466,40.3039841995649
50,17.7,527.591754365168,70.0453178430446,1.71506590679886,-40.3745198186524,40.4109304724776
50,17.8,527.759555256619,65.9971020579848,1.67800891450479,-40.4821578505988,40.5169201465012
50,17.9,527.923735836592,61.9382267032552,1.64180579973215,-40.5887535472957,40.621945310474
50,18,528.084379282832,57.8687964345145,1.60643446240658,-40.6943026874072,40.7259978747768
50,18.1,528.24156662724,53.7889163630621,1.57187344407563,-40.7988007145239,40.8290696179527
50,18.2,528.395376818168,49.6986920836924,1.5381019092802,-40.9022427936966,40.9311522319839
50,18.3,528.545886780902,45.5982296971031,1.50509962734464,-41.0046238658936,41.0322373661447
50,18.4,528.693171476361,41.4876358270683,1.47284695458409,-41.1059387003479,41.1323166693585
50,18.5,528.837303958054,37.3670176325921,1.44132481692693,-41.2061819447621,41.231381830988
50,18.6,528.978355427349,33.2364828152579,1.41051469294995,-41.3053481733415,41.3294246199968
50,18.7,529.116395287081,29.0961396219948,1.38039859732347,-41.403431932631,41.4264369224231
50,18.8,529.251491193547,24.9460968434814,1.35095906466304,-41.5004277851346,41.5224107771161
50,18.9,529.383709106926,20.7864638084112,1.32217913378433,-41.5963303507012,41.6173384096879
50,19,529.513113340161,16.6173503738446,1.29404233235742,-41.6911343456668,41.7112122646461
50,19.1,529.639766606357,12.4388669118701,1.26653266195627,-41.7848346197451,41.8040250356739
50,19.2,529.763730064707,8.25112429280305,1.23963458349916,-41.87742619067,41.895769694035
50,19.3,529.885063365014,4.05423386514388,1.21333300307554,-41.9689042765917,41.9864395150871
55,0,0,0,401.503505445732,573.406431002294,700
55,0.1,29.1893048459047,41.5886475338668,291.893048459047,415.886475338668,508.097541923139
55,0.2,52.6080704586105,74.8574849384138,234.187656127057,332.68837404547,406.848144283962
55,0.3,72.3266291670457,102.771786456434,197.185587084353,279.143015180198,341.764507633097
55,0.4,89.4321436793011,126.888968548404,171.055145122554,241.1718209197,295.675007193069
55,0.5,104.579250161366,148.146977742555,151.471064820649,212.580091941516,261.024479633165
55,0.6,118.197238379864,167.160965837275,136.179882184981,190.139880947199,233.876323381676
55,0.7,130.584782115207,184.358957383713,123.875437353429,171.979915464378,211.94861476933
55,0.8,141.958984628465,200.052097487815,113.742025132584,156.931401041019,193.816183312846
55,0.9,152.483097166922,214.474357026434,105.241125384561,144.222595386192,178.538095352611
55,1,162.283248329087,227.806498813875,98.0015116216579,133.321417874414,165.465696578397
55,1.1,171.459073236628,240.191306135904,91.7582490754068,123.848073220285,154.136048715936
55,1.2,180.090752374844,251.743668263513,86.3167913821646,115.523621276091,144.209207567526
55,1.3,188.243834834269,262.557491967723,81.5308245942441,108.138237042103,135.429515503791
55,1.4,195.97263963045,272.710575889186,77.2880479618152,101.530839214623,127.600758890273
55,1.5,203.322713794678,282.268133480089,73.5007416422785,95.5755759090295,120.56968828154
55,1.6,210.332646822289,291.285393696895,70.0993302761066,90.1726021680625,114.214772629981
55,1.7,217.035435010556,299.809556709534,67.0278818826715,85.2416301263887,108.438334809612
55,1.8,223.459524191132,307.881288744154,64.2408918057644,80.7173203462067,103.160932449606
55,1.9,229.629618260198,315.535881299139,61.7009406906525,76.5459255498506,98.3172660339713
55,2,235.567314223911,322.804161749461,59.3769596371287,72.6828045032173,93.8531480889272
55,2.1,241.291606731357,329.713216940239,57.242925074461,69.0905519077763,89.7232234931486
55,2.2,246.819293009265,336.286974108779,55.2768627790845,65.7375716854006,85.8892303481113
55,2.3,252.165300756847,342.546671522648,53.4600774758227,62.5969741386935,82.3186555711475
55,2.4,257.342955663481,348.511242801865,51.776549066335,59.6457127921659,78.9836824141806
55,2.5,262.364200983238,354.197632870379,50.212453197575,56.8639006851452,75.8603562952925
55,2.6,267.239778521845,359.621059115919,48.755775386065,54.2342624554011,72.9279154890481
55,2.7,271.979378121573,364.795228137739,47.3959959972854,51.7416902181929,70.1682474001605
55,2.8,276.591761038435,369.732516098891,46.1238291686192,49.3728796115232,67.5654413018218
55,2.9,281.084861338374,374.44411894822,44.9310029993868,47.1160284932935,65.1054158385595
55,3,285.465868489541,378.940177482069,43.8100715116668,44.960585338482,62.7756051331748
55,3.1,289.74129362539,383.229881269027,42.7542513584939,42.8970378695814,60.5646915884955
55,3.2,293.917021452954,387.321554788277,41.7572782756354,40.9167351925042,58.4623768572778
55,3.3,297.998349456739,391.222728682283,40.8132800378549,39.0117389400547,56.4591852808322
55,3.4,301.990015892561,394.940198764218,39.9166643582214,37.1747008193504,54.5462966157659
55,3.5,305.896218083715,398.480075328573,39.0620219115343,35.3987656435553,52.7154072819753
55,3.6,309.720622744596,401.847825376618,38.2440466088086,33.6775004804519,50.9586218379929
55,3.7,313.466370495327,405.04831057525,37.457477507319,32.0048519863142,49.2683790262801
55,3.8,317.13607742894,408.085824097763,36.6970693361258,30.375135225129,47.6374195124515
55,3.9,320.731837567034,410.964129901131,35.9576013809359,28.7830580336833,46.0588050956673
55,4,324.25523125035,413.686508373767,35.2339368331692,27.2237847263617,44.5260009386767
55,4.1,327.707345789167,416.255812442015,34.5211453881647,25.6930406824736,43.033031713116
55,4.2,331.088815648774,418.674537819824,33.8146985960716,24.1872537780949,41.5747169138785
55,4.3,334.399889351767,420.944909659802,33.1107370299321,22.7037183997781,40.1469766712481
55,4.4,337.640528137409,423.06898494487,32.4063878564147,21.2407528506815,38.7471748075149
55,4.5,340.810536287864,425.048765410771,31.7000815045512,19.797804659008,37.3744329282924
55,4.6,343.909714848966,426.886310331918,30.991785611018,18.3754492114696,36.0298197203733
55,4.7,346.938021070543,428.583834083592,30.2830622157713,16.9752375167389,34.7163152698263
55,4.8,349.895709226511,430.143772722368,29.5768815596804,15.599386387766,33.4384924670683
55,4.9,352.78342892684,431.568808722431,28.877197003287,14.2503600006295,32.2019450796716
55,5,355.602266124269,432.861852487585,28.1883719742996,12.9304376515387,31.0125866773768
55,5.1,358.353726350914,434.025989405026,27.5146022664423,11.6413691744061,29.8759905967204
55,5.2,361.039672793006,435.064407580811,26.8594644209201,10.3841817578484,28.7969105939978
55,5.3,363.662238496496,435.980322024903,26.2256570349044,9.15914444091933,27.7790391086887
55,5.4,366.223731459093,436.776907201457,25.6149296259687,7.96585176554324,26.8249774295141
55,5.5,368.726546275313,437.45724437098,25.0281481621967,6.80337169523152,25.9363464437909
55,5.6,371.17308980336,438.024285383284,24.4654352804757,5.67041012303557,25.1139617429542
55,5.7,373.565723273386,438.480831537628,23.9263347002615,4.56546154344416,24.3580157503357
55,5.8,375.906720085791,438.829524733818,23.4099681240501,3.48693196189537,23.6682340295157
55,5.9,378.198237026617,439.07284786676,22.9151694082554,2.4332313294269,23.0439927901297
55,5.99999999999999,380.442296203554,439.213131730044,22.4405917693714,1.40283863284217,22.4843971497876
55,6.09999999999999,382.640775172739,439.252566217653,21.9847896918448,0.394344876088536,21.9883261226484
55,6.19999999999999,384.79540313579,439.193214142378,21.5462796305099,-0.593520752749607,21.5544527371973
55,6.29999999999999,386.907761541961,439.03702643792,21.1235840617094,-1.56187704457907,21.1812479215576
55,6.39999999999999,388.979287839398,438.785857858111,20.7152629743709,-2.51168579809038,20.8669759583336
55,6.49999999999999,391.01128145022,438.441482540529,20.3199361082249,-3.44375317582385,20.6096879980833
55,6.59999999999999,393.004911294629,438.005608982683,19.9362984440894,-4.35873557846547,20.4072186124121
55,6.69999999999999,394.961224370535,437.479894107201,19.5631307590628,-5.2571487548121,20.2571888011741
55,6.79999999999999,396.881155022064,436.86595618508,19.1993065152895,-6.13937922120935,20.1570173361501
55,6.89999999999999,398.76553461709,436.165386455733,18.8437959502547,-7.00569729347115,20.1039409167105
55,6.99999999999999,400.615101412895,435.379759338051,18.4956679580518,-7.85627117682268,20.0950424238985
55,7.09999999999999,402.430510429766,434.510641173206,18.1540901687081,-8.691181648445,20.127285666474
55,7.19999999999999,404.212343181887,433.559597480467,17.8183275212088,-9.51043692738983,20.1975544609471
55,7.29999999999999,405.961117138204,432.528198743014,17.4877395631754,-10.3139873745298,20.3026936782144
55,7.39999999999999,407.677294806022,431.418024771966,17.1617766781802,-11.1017397104872,20.4395499791737
55,7.49999999999999,409.361292348688,430.230667723313,16.8399754266573,-11.8735704865246,20.6050102758744
55,7.59999999999999,411.013487666554,428.96773386402,16.5219531786592,-12.629338592937,20.7960364043933
55,7.69999999999999,412.634227887579,427.630844199996,16.207402210255,-13.3688966402359,21.0096949949848
55,7.79999999999999,414.223836230276,426.221634090179,15.8960834269626,-14.0921010981739,21.2431820045423
55,7.89999999999999,415.782618216888,424.741751977752,15.5878198661265,-14.7988211242642,21.4938417889119
55,7.99999999999999,417.310867228463,423.192857372229,15.2824901157523,-15.4889460552353,21.7591809138132
55,8.09999999999999,418.808869405546,421.576618215146,14.9800217708262,-16.1623915708226,22.036877127738
55,8.19999999999999,420.27690790861,419.894707758236,14.6803850306375,-16.8191045691064,22.3247840561628
55,8.29999999999999,421.715266560917,418.148801076596,14.3835865230706,-17.4590668163972,22.6209322391028
55,8.39999999999999,423.124232903417,416.340571331302,14.0896634249999,-18.0822974529378,22.9235271414829
55,8.49999999999999,424.504100696649,414.471685886396,13.7986779323246,-18.6888544490611,23.2309447353786
55,8.59999999999999,425.855171908558,412.543802374837,13.5107121190887,-19.2788351155955,23.5417251997217
55,8.69999999999999,427.177758229822,410.558564797051,13.2258632126404,-19.8523757778589,23.8545652181044
55,8.79999999999998,428.472182159909,408.517599724543,12.9442393008645,-20.4096507250803,24.1683092871184
55,8.89999999999998,429.738777707715,406.422512669844,12.6659554780665,-20.9508705469845,24.4819403816132
55,8.99999999999998,430.977890750513,404.274884673149,12.3911304279788,-21.4762799669508,24.7945702624997
55,9.09999999999998,432.18987909406,402.076269145456,12.1198834354656,-21.9861552769344,25.105429658756
55,9.19999999999998,433.375112275331,399.828188998104,11.8523318127154,-22.4808014735168,25.4138585085063
55,9.29999999999998,434.533971147425,397.532134079374,11.5885887209366,-22.9605491873017,25.7192964041694
55,9.39999999999998,435.666847283899,395.189558930405,11.3287613647393,-23.4257514896841,26.0212733530788
55,9.49999999999998,436.774142237242,392.801880865199,11.0729495334315,-23.876780652061,26.319400936886
55,9.59999999999998,437.856266683375,390.370478372887,10.821244461331,-24.3140249231193,26.6133639296868
55,9.69999999999998,438.913639481159,387.896689834868,10.5737279778344,-24.7378853801928,26.9029124154392
55,9.79999999999998,439.946686672892,385.381812544758,10.3304719173334,-25.1487729011007,27.1878544292475
55,9.89999999999998,440.955840448799,382.827102015399,10.0915377590649,-25.5471052935902,27.4680491339378
55,9.99999999999998,441.941538095552,380.233771554326,9.85697646753623,-25.9333046107258,27.7434005326358
55,10.1,442.904220946074,377.602992087081,9.62682850521385,-26.30779467245,28.013851709406
55,10.2,443.844333345134,374.93589220646,9.40112399060666,-26.670998806219,28.2793795831538
55,10.3,444.762321642797,372.233558425143,9.17988297662649,-27.0233378131667,28.5399901546774
55,10.4,445.658633225406,369.497035609071,8.96311582608921,-27.3652281607146,28.7957142227773
55,10.5,446.53371559174,366.727327569279,8.75082366334104,-27.6970803979215,29.046603542511
55,10.6,447.388015480059,363.925397790666,8.54299888318831,-28.0192977861333,29.29272739685
55,10.7,448.22197805011,361.092170277207,8.33962570050822,-28.3322751345863,29.5341695520032
55,10.8,449.036046122716,358.22853049436,8.14068072606952,-28.6363978284744,29.7710255663868
55,10.9,449.830659478332,355.335326390808,7.9461335561523,-28.9320410355207,30.0034004235064
55,11,450.606254214881,352.413369483187,7.75594736549221,-29.2195690762108,30.2314064597686
55,11.1,451.363262164367,349.463435988941,7.57007949486267,-29.4993349424579,30.4551615593459
55,11.2,452.102110366991,346.486267993992,7.38848202623566,-29.7716799494865,30.6747875895932
55,11.3,452.823220600983,343.482574643386,7.21110233991928,-30.0369335060628,30.8904090520735
55,11.4,453.527008965919,340.453033344507,7.03788364935871,-30.2954129887942,31.1021519259281
55,11.5,454.21388551696,337.398290973808,6.86876551041032,-30.5474237069872,31.310142682064
55,11.6,454.884253947246,334.318965079262,6.70368430286433,-30.7932589454554,31.5145074483854
55,11.7,455.538511315527,331.215645071898,6.54257368281035,-31.0332000736399,31.7153713080198
55,11.8,456.17704781604,328.088893400857,6.38536500512471,-31.2675167104171,31.9128577141704
55,11.9,456.800246587632,324.939246707358,6.2319877159214,-31.4964669349831,32.1070880068231
55,12,457.408483559158,321.767216953838,6.08236971526368,-31.7202975352016,32.2981810180523
55,12.1,458.002127328237,318.573292525262,5.93643769079363,-31.9392442857604,32.4862527540828
55,12.2,458.581539070559,315.357939300323,5.79411742321519,-32.1535322493902,32.6714161435739
55,12.3,459.147072477036,312.121601690799,5.65533406477398,-32.3633760952469,32.8537808427978
55,12.4,459.699073716239,308.864703647864,5.52001239202561,-32.568980429344,33.0334530894836
55,12.5,460.237881419667,305.5876496346,5.38807703428255,-32.7705401326375,33.2105355980925
55,12.6,460.763826687586,302.290825564299,5.25945267918748,-32.9682407030157,33.3851274901953
55,12.7,461.277233113274,298.974599704496,5.13406425688487,-33.1622585980332,33.5573242544254
55,12.8,461.7784168237,295.639323546921,5.01183710426028,-33.3527615757467,33.727217731207
55,12.9,462.26768653477,292.285332643773,4.89269711069313,-33.5399090314764,33.8948961180986
55,13,462.745343619443,288.912947410901,4.77657084672934,-33.7238523287227,34.0604439921637
55,13.1,463.211682187145,285.522473898618,4.66338567702798,-33.9047351228252,34.2239423462822
55,13.2,463.666989173033,282.114204530992,4.55306985887646,-34.0826936762621,34.3854686367618
55,13.3,464.111544435783,278.688418814517,4.445552627502,-34.2578571647574,34.5450968399976
55,13.4,464.545620862717,275.245384017157,4.34076426933786,-34.4303479735921,34.702897516268
55,13.5,464.96948448115,271.785355818786,4.23863618433112,-34.6002819837164,34.8589378790549
55,13.6,465.383394574981,268.308578934043,4.13910093830755,-34.7677688474238,35.0132818685337
55,13.7,465.787603805615,264.815287708694,4.04209230633783,-34.9329122534923,35.1659902281045
55,13.8,466.182358336413,261.305706690513,3.94754530798102,-35.0958101818125,35.3171205830313
55,13.9,466.567897959934,257.780051175751,3.85539623521408,-35.256555147622,35.4667275204213
55,14,466.944456227314,254.238527732196,3.76558267379291,-35.4152344355438,35.6148626699261
55,14.1,467.312260579187,250.681334699827,3.67804351872956,-35.5719303236902,35.7615747846644
55,14.2,467.671532477638,247.108662670013,3.59271898451323,-35.7267202981457,35.9069098219774
55,14.3,468.022487538703,243.520694944195,3.50955061064895,-35.8796772581782,36.0509110237139
55,14.4,468.365335665006,239.917607972939,3.42848126303745,-36.030869712561,36.1936189958194
55,14.5,468.700281178174,236.299571776198,3.34945513167304,-36.1803619674038,36.3350717870689
55,14.6,469.027522950683,232.666750345608,3.27241772509274,-36.3282143059084,36.4753049668335
55,14.7,469.34725453688,229.019302029561,3.19731586196975,-36.4744831604668,36.6143517018174
55,14.8,469.659664302901,225.357379901808,3.12409766020716,-36.6192212775248,36.7522428317353
55,14.9,469.964935555286,221.681132114245,3.05271252385365,-36.7624778756293,36.8890069439315
55,15,470.263246668099,217.990702234538,2.98311112813143,-36.9042987970698,37.0246704469626
55,15.1,470.554771208383,214.286229569187,2.91524540283811,-37.0447266535159,37.1592576431834
55,15.2,470.839678059819,210.567849472583,2.84906851435752,-37.1838009660396,37.2927908003886
55,15.3,471.118131544468,206.835693642593,2.78453484649086,-37.3215582998946,37.4252902225721
55,15.4,471.390291542498,203.089890403152,2.72159998029736,-37.458032394411,37.556774319868
55,15.5,471.656313609809,199.330564974318,2.66022067311372,-37.5932542883427,37.6872596777433
55,15.6,471.916349093499,195.557839730219,2.60035483690372,-37.7272524409874,37.8167611255088
55,15.7,472.170545245107,191.771834445282,2.54196151607257,-37.8600528493781,37.9452918042133
55,15.8,472.419045331593,187.972666529099,2.48500086486621,-37.9916791618252,38.0728632339813
55,15.9,472.661988744039,184.160451250292,2.42943412446165,-38.1221527880659,38.1994853808496
55,16,472.899511104024,180.335301949667,2.37522359984307,-38.2514930062583,38.3251667231478
55,16.1,473.131744367678,176.497330242963,2.32233263654671,-38.3797170670335,38.4499143174639
55,16.2,473.358816927413,172.646646213483,2.27072559734824,-38.5068402948027,38.5737338642228
55,16.3,473.580853711309,168.783358594834,2.2203678389573,-38.6328761864891,38.6966297728998
55,16.4,473.797976280187,164.90757494405,2.17122568877574,-38.7578365078412,38.8186052268774
55,16.5,474.010302922364,161.019401805304,2.12326642176939,-38.8817313874583,38.9396622479481
55,16.6,474.217948746113,157.11894486444,2.07645823749649,-39.0045694086441,39.0598017604519
55,16.7,474.421025769846,153.206309094521,2.03077023733035,-39.126357699185,39.17902365503
55,16.8,474.619643010037,149.281598892608,1.98617240190886,-39.247102019131,39.2973268519651
55,16.9,474.813906566921,145.344918207944,1.94263556883876,-39.3668068466424,39.4147093640708
55,17,475.003919707989,141.396370661749,1.90013141067887,-39.4854754619507,39.531168359083
55,17.1,475.189782949311,137.436059658802,1.85863241322276,-39.6031100294654,39.6467002214992
55,17.2,475.371594134721,133.464088490997,1.81811185409813,-39.7197116780477,39.7613006138035
55,17.3,475.549448512891,129.480560433051,1.77854378169792,-39.8352805794604,39.8749645370093
55,17.4,475.723438812336,125.485578830552,1.73990299445497,-39.9498160249895,39.9876863904456
55,17.5,475.893655314383,121.47924718053,1.70216502047077,-40.0633165002292,40.0994600307092
55,17.6,476.060185924134,117.461669204729,1.66530609750628,-40.1757797580067,40.2102788297004
55,17.7,476.223116239468,113.432948915786,1.62930315334153,-40.2872028894246,40.3201357316559
55,17.8,476.382529618119,109.393190676488,1.5941337865094,-40.3975823929855,40.4290233090949
55,17.9,476.53850724286,105.342499252312,1.5597762474072,-40.5069142417632,40.5369338175883
55,18,476.691128184839,101.280979857453,1.52620941978931,-40.6151939485824,40.6438592492645
55,18.1,476.840469465103,97.208738194537,1.49341280264245,-40.7224166291627,40.7497913849655
55,18.2,476.986606114348,93.1258804882185,1.46136649244506,-40.8285770631857,40.8547218449683
55,18.3,477.129611230929,89.0325135128943,1.43005116581078,-40.9336697532422,40.9586421381902
55,18.4,477.26955603718,84.9287446147325,1.39944806251609,-41.037688981618,41.0615437097985
55,18.5,477.406509934071,80.8146817282446,1.36953896891115,-41.1406288648783,41.1634179871524
55,18.6,477.540540554243,76.6904333876233,1.34030620171249,-41.2424834062135,41.2642564240063
55,18.7,477.67171381346,72.5561087330718,1.31173259217588,-41.3432465455143,41.3640505429117
55,18.8,477.800093960525,68.4118175123574,1.28380147064724,-41.4429122071447,41.4627919757599
55,18.9,477.925743625674,64.2576700778184,1.25649665148905,-41.5414743453901,41.560472502414
55,19,478.048723867512,60.0937773790623,1.22980241837943,-41.6389269875606,41.6570840873873
55,19.1,478.16909421851,55.9202509515888,1.20370350998082,-41.735264274735,41.7526189145293
55,19.2,478.286912729107,51.737202901575,1.17818510597491,-41.830480500138,41.8470694196902
55,19.3,478.402236010453,47.54474588706,1.15323281346007,-41.9245701451502,41.9404283213424
55,19.4,478.515119275824,43.3429930957647,1.1288326537076,-42.0175279129526,42.0326886491434
55,19.5,478.625616380751,39.1320582197828,1.10497104927251,-42.1093487598194,42.1238437704328
55,19.6,478.733779861897,34.9120554273754,1.08163481145468,-42.2000279240742,42.2138874146648
55,19.7,478.839660974707,30.6830993321019,1.05881112810584,-42.2895609527348,42.3028136957824
55,19.8,478.943309729885,26.4453049595144,1.03648755177774,-42.3779437258749,42.3906171325496
55,19.9,479.044774928706,22.1987877116405,1.01465198820658,-42.4651724787388,42.4772926668616
55,20,479.144104197219,17.9436633294753,0.993292685128684,-42.5512438216516,42.5628356800622
55,20.1,479.241344019361,13.6800478536984,0.972398221422299,-42.6361547577693,42.6472420073031
55,20.2,479.336539769018,9.40805758382612,0.951957496570021,-42.719902698723,42.7305079499838
55,20.3,479.429735741062,5.12780903600484,0.931959720436479,-42.8024854782127,42.81263028632
55,20.4,479.520975181397,0.839418899643618,0.912394403355582,-42.8839013636123,42.8936062800891
