Step,Time,NA,NB
0,0,100,0
1,0.1,99,1
2,0.2,98.01,1.97
3,0.3,97.0299,2.9107
4,0.4,96.059601,3.822785
5,0.5,95.09900499,4.70692531
6,0.6,94.1480149401,5.5637768537
7,0.7,93.206534790699,6.393981466027
8,0.8,92.274469442792,7.19816718461345
9,0.9,91.3517247483641,7.9769485353491
10,1,90.4382075008805,8.73092681212576
11,1.1,89.5338254258717,9.46069035089205
12,1.2,88.6384871716129,10.1668147981329
13,1.3,87.7521022998968,10.8498633738864
14,1.4,86.8745812768978,11.5103871294076
15,1.5,86.0058354641289,12.1489251995885
16,1.6,85.1457771094876,12.766005050238
17,1.7,84.2943193383927,13.3621427203281
18,1.8,83.4513761450088,13.9378430593055
19,1.9,82.6168623835587,14.4935999595694
20,2,81.7906937597231,15.0298965842136
21,2.1,80.9727868221259,15.5472055901266
22,2.2,80.1630589539046,16.0459893465453
23,2.3,79.3614283643656,16.5267001491535
24,2.4,78.5678140807219,16.9897804298141
25,2.5,77.7821359399147,17.435662962025
26,2.6,77.0043145805156,17.8647710621836
27,2.7,76.2342714347104,18.2775187867451
28,2.8,75.4719287203633,18.6743111253573
29,2.9,74.7172094331597,19.0555441900538
30,3,73.9700373388281,19.4216054005843
31,3.1,73.2303369654398,19.7728736659609
32,3.2,72.4980335957854,20.1097195622961
33,3.3,71.7730532598275,20.432505507008
34,3.4,71.0553227272293,20.7415859294662
35,3.5,70.344769499957,21.0373074381491
36,3.6,69.6413218049574,21.3200089843857
37,3.7,68.9449085869078,21.5900220227476
38,3.8,68.2554595010388,21.8476706681617
39,3.9,67.5729049060284,22.0932718498088
40,4,66.8971758569681,22.327135461873
41,4.1,66.2282040983984,22.5495645112052
42,4.2,65.5659220574144,22.7608552619651
43,4.3,64.9102628368403,22.9612973772999
44,4.4,64.2611602084719,23.1511740581223
45,4.5,63.6185486063872,23.3307621790446
46,4.6,62.9823631203233,23.5003324215276
47,4.7,62.3525394891201,23.6601494043002
48,4.8,61.7290140942289,23.8104718111054
49,4.9,61.1117239532866,23.9515525158256
50,5,60.5006067137537,24.083638705042
51,5.1,59.8956006466162,24.2069719980787
52,5.2,59.29664464015,24.3217885645833
53,5.3,58.7036781937485,24.4283192396931
54,5.4,58.116641411811,24.5267896368367
55,5.5,57.5354749976929,24.6174202582181
56,5.6,56.960120247716,24.7004266030307
57,5.7,56.3905190452388,24.7760192734472
58,5.8,55.8266138547864,24.8444040784306
59,5.9,55.2683477162386,24.9057821354099
60,5.99999999999999,54.7156642390762,24.9603499698641
61,6.09999999999999,54.1685075966854,25.0082996128576
62,6.19999999999999,53.6268225207186,25.0498186965673
63,6.29999999999999,53.0905542955114,25.0850905478431
64,6.39999999999999,52.5596487525563,25.1142942798414
65,6.49999999999999,52.0340522650307,25.1376048817701
66,6.59999999999999,51.5137117423804,25.155193306785
67,6.69999999999999,50.9985746249566,25.1672265580731
68,6.79999999999999,50.488588878707,25.1738677731612
69,6.89999999999999,49.98370298992,25.1752763064851
70,6.99999999999999,49.4838659600208,25.1716078102546
71,7.09999999999999,48.9890273004206,25.1630143136497
72,7.19999999999999,48.4991370274163,25.1496443003809
73,7.29999999999999,48.0141456571422,25.1316427846474
74,7.39999999999999,47.5340042005708,25.1091513855259
75,7.49999999999999,47.0586641585651,25.0823083998211
76,7.59999999999999,46.5880775169794,25.0512488734103
77,7.69999999999999,46.1221967418096,25.0161046711119
78,7.79999999999999,45.6609747743915,24.9770045451078
79,7.89999999999999,45.2043650266476,24.9340742019495
80,7.99999999999999,44.7523213763811,24.887436368177
81,8.09999999999999,44.3047981626173,24.8372108545773
82,8.19999999999999,43.8617501809911,24.7835146191119
83,8.29999999999999,43.4231326791812,24.7264618285396
84,8.39999999999999,42.9889013523894,24.6661639187606
85,8.49999999999999,42.5590123388655,24.6027296539093
86,8.59999999999999,42.1334222154769,24.5362651842198
87,8.69999999999999,41.7120879933221,24.4668741026901
88,8.79999999999998,41.2949671133889,24.3946575005695
89,8.89999999999998,40.882017442255,24.319714021692
90,8.99999999999998,40.4731972678324,24.2421399156808
91,9.09999999999998,40.0684652951541,24.1620290900455
92,9.19999999999998,39.6677806422026,24.0794731611961
93,9.29999999999998,39.2711028357806,23.9945615043942
94,9.39999999999998,38.8783918074227,23.9073813026641
95,9.49999999999998,38.4896078893485,23.8180175946851
96,9.59999999999998,38.104711810455,23.7265533216849
97,9.69999999999998,37.7236646923505,23.6330693733557
98,9.79999999999998,37.346428045427,23.5376446328121
99,9.89999999999998,36.9729637649727,23.4403560206101
100,9.99999999999998,36.603234127323,23.3412785378476
101,10.1,36.2372017860498,23.2404853083639
102,10.2,35.8748297681893,23.1380476200571
103,10.3,35.5160814705074,23.0340349653379
104,10.4,35.1609206558023,22.9285150807362
105,10.5,34.8093114492443,22.8215539856795
106,10.6,34.4612183347518,22.7132160204584
107,10.7,34.1166061514043,22.6035638833967
108,10.8,33.7754400898903,22.4926586672428
109,10.9,33.4376856889914,22.3805598947969
110,11,33.1033088321014,22.2673255537908
111,11.1,32.7722757437804,22.153012131036
112,11.2,32.4445529863426,22.0376746458531
113,11.3,32.1201074564792,21.9213666827995
114,11.4,31.7989063819144,21.8041404237083
115,11.5,31.4809173180953,21.6860466790533
116,11.6,31.1661081449143,21.5671349186532
117,11.7,30.8544470634652,21.4474533017292
118,11.8,30.5459025928305,21.3270487063293
119,11.9,30.2404435669022,21.205966758131
120,12,29.9380391312332,21.0842518586374
121,12.1,29.6386587399209,20.961947212777
122,12.2,29.3422721525217,20.8390948559207
123,12.3,29.0488494309964,20.7157356803275
124,12.4,28.7583609366865,20.5919094610309
125,12.5,28.4707773273196,20.4676548811771
126,12.6,28.1860695540464,20.3430095568268
127,12.7,27.9042088585059,20.2180100612307
128,12.8,27.6251667699209,20.0926919485912
129,12.9,27.3489151022217,19.9670897773186
130,13,27.0754259511995,19.8412371327944
131,13.1,26.8046716916875,19.7151666496505
132,13.2,26.5366249747706,19.5889100335744
133,13.3,26.2712587250229,19.4624980826506
134,13.4,26.0085461377727,19.3359607082478
135,13.5,25.7484606763949,19.2093269554606
136,13.6,25.490976069631,19.0826250231153
137,13.7,25.2360663089347,18.9558822833493
138,13.8,24.9837056458453,18.8291253007717
139,13.9,24.7338685893869,18.7023798512147
140,14,24.486529903493,18.5756709400843
141,14.1,24.2416646044581,18.4490228203175
142,14.2,23.9992479584135,18.3224590099557
143,14.3,23.7592554788293,18.1960023093408
144,14.4,23.5216629240411,18.0696748179422
145,14.5,23.2864462948006,17.9434979508238
146,14.6,23.0535818318526,17.8174924547553
147,14.7,22.8230460135341,17.6916784239788
148,14.8,22.5948155533988,17.5660753156345
149,14.9,22.3688673978648,17.4407019648558
150,15,22.1451787238861,17.3155765995374
151,15.1,21.9237269366473,17.1907168547855
152,15.2,21.7044896672808,17.0661397870562
153,15.3,21.487444770608,16.9418618879879
154,15.4,21.2725703229019,16.8178990979342
155,15.5,21.0598446196729,16.6942668192046
156,15.6,20.8492461734762,16.5709799290172
157,15.7,20.6407537117414,16.4480527921716
158,15.8,20.434346174624,16.3254992734456
159,15.9,20.2300027128777,16.2033327497229
160,16,20.027702685749,16.0815661218573
161,16.1,19.8274256588915,15.9602118262776
162,16.2,19.6291514023026,15.839281846341
163,16.3,19.4328598882795,15.7187877234372
164,16.4,19.2385312893967,15.5987405678512
165,16.5,19.0461459765028,15.4791510693882
166,16.6,18.8556845167377,15.3600295077654
167,16.7,18.6671276715704,15.2413857627775
168,16.8,18.4804563948547,15.1232293242377
169,16.9,18.2956518309061,15.0055693017014
170,17,18.1126953125971,14.8884144339765
171,17.1,17.9315683594711,14.7717730984229
172,17.2,17.7522526758764,14.6556533200492
173,17.3,17.5747301491176,14.5400627804069
174,17.4,17.3989828476264,14.42500882629
175,17.5,17.2249930191502,14.3104984782405
176,17.6,17.0527430889587,14.1965384388671
177,17.7,16.8822156580691,14.0831351009794
178,17.8,16.7133935014884,13.9702945555405
179,17.9,16.5462595664735,13.8580225994446
180,18,16.3807969708088,13.7463247431204
181,18.1,16.2169890011007,13.6352062179661
182,18.2,16.0548191110897,13.5246719836178
183,18.3,15.8942709199788,13.4147267350563
184,18.4,15.735328210779,13.305374909555
185,18.5,15.5779749286712,13.1966206934717
186,18.6,15.4221951793845,13.0884680288889
187,18.7,15.2679732275906,12.980920620105
188,18.8,15.1152934953147,12.8739819399788
189,18.9,14.9641405603616,12.7676552361324
190,19,14.814499154758,12.6619435370134
191,19.1,14.6663541632104,12.5568496578207
192,19.2,14.5196906215783,12.4523762062964
193,19.3,14.3744937153625,12.3485255883862
194,19.4,14.2307487782089,12.2453000137721
195,19.5,14.0884412904268,12.1427015012788
196,19.6,13.9475568775225,12.0407318841575
197,19.7,13.8080813087473,11.9393928152495
198,19.8,13.6700004956598,11.838685772032
199,19.9,13.5333004907032,11.738612061548
200,20,13.3979674857962,11.639172825224
201,20.1,13.2639878109382,11.5403690435775
202,20.2,13.1313479328289,11.4422015408154
203,20.3,13.0000344535006,11.3446709893273
204,20.4,12.8700341089656,11.2477779140758
205,20.5,12.7413337678759,11.1515226968839
206,20.6,12.6139204301971,11.055905580625
207,20.7,12.4877812258952,10.9609266733145
208,20.8,12.3629034136362,10.8665859521072
209,20.9,12.2392743794999,10.7728832672014
210,21,12.1168816357049,10.6798183456523
211,21.1,11.9957128193478,10.5873907950963
212,21.2,11.8757556911543,10.4956001073879
213,21.3,11.7569981342428,10.4044456621517
214,21.4,11.6394281529004,10.3139267302511
215,21.5,11.5230338713714,10.2240424771751
216,21.6,11.4078035326576,10.1347919663453
217,21.7,11.2937254973311,10.0461741623449
218,21.8,11.1807882423578,9.95818793407135
219,21.9,11.0689803599342,9.87083205781351
220,22,10.9582905563348,9.78410522025658
221,22.1,10.8487076507715,9.69800602141479
222,22.2,10.7402205742638,9.61253297749421
223,22.3,10.6328183685211,9.52768452368697
224,22.4,10.5264901848359,9.44345901689844
225,22.5000000000001,10.4212252829876,9.35985473840883
226,22.6000000000001,10.3170130301577,9.27686989647053
227,22.7000000000001,10.2138428998561,9.1945026288427
228,22.8000000000001,10.1117044708576,9.1127510052644
229,22.9000000000001,10.010587426149,9.03161302986769
230,23.0000000000001,9.91048155188749,8.95108664353183
231,23.1000000000001,9.81137673636862,8.87116972618006
232,23.2000000000001,9.71326296900493,8.79186009902015
233,23.3000000000001,9.61613033931488,8.71315552672979
234,23.4000000000001,9.51996903592173,8.63505371958835
235,23.5000000000001,9.42476934556251,8.5575523355558
236,23.6000000000001,9.33052165210689,8.48064898230031
237,23.7000000000001,9.23721643558582,8.40434121917537
238,23.8000000000001,9.14484427122996,8.32862655914772
239,23.9000000000001,9.05339582851766,8.25350247067706
240,24.0000000000001,8.96286187023248,8.1789663795487
241,24.1000000000001,8.87323325153016,8.10501567066005
242,24.2000000000001,8.78450091901486,8.03164768976215
243,24.3000000000001,8.69665590982471,7.95885974515706
244,24.4000000000001,8.60968935072646,7.88664910935216
245,24.5000000000001,8.5235924572192,7.81501302067238
246,24.6000000000001,8.43835653264701,7.74394868483113
247,24.7000000000001,8.35397296732054,7.67345327646098
248,24.8000000000001,8.27043323764733,7.60352394060496
249,24.9000000000001,8.18772890527086,7.53415779416934
250,25.0000000000001,8.10585161621815,7.46535192733866
251,25.1000000000001,8.02479310005597,7.39710340495407
252,25.2000000000001,7.94454516905541,7.32940926785554
253,25.3000000000001,7.86509971736485,7.26226653418899
254,25.4000000000001,7.7864487201912,7.19567220067886
255,25.5000000000001,7.70858423298929,7.12962324386719
256,25.6000000000001,7.6314983906594,7.06411662131974
257,25.7000000000001,7.55518340675281,6.99914927279994
258,25.8000000000001,7.47963157268528,6.93471812141147
259,25.9000000000001,7.40483525695842,6.87082007471009
260,26.0000000000001,7.33078690438884,6.80745202578548
261,26.1000000000001,7.25747903534495,6.74461085431365
262,26.2000000000001,7.1849042449915,6.68229342758083
263,26.3000000000001,7.11305520254159,6.62049660147913
264,26.4000000000001,7.04192465051617,6.55921722147496
265,26.5000000000001,6.97150540401101,6.49845212355062
266,26.6000000000001,6.9017903499709,6.43819813511972
267,26.7000000000001,6.83277244647119,6.37845207591704
268,26.8000000000001,6.76444472200648,6.31921075886341
269,26.9000000000001,6.69680027478641,6.2604709909062
270,27.0000000000001,6.62983227203855,6.20222957383594
271,27.1000000000001,6.56353394931816,6.14448330507961
272,27.2000000000001,6.49789860982498,6.0872289784712
273,27.3000000000001,6.43291962372673,6.03046338500003
274,27.4000000000001,6.36859042748947,5.97418331353729
275,27.5000000000001,6.30490452321457,5.91838555154144
276,27.6000000000001,6.24185547798243,5.86306688574276
277,27.7000000000001,6.1794369232026,5.80822410280773
278,27.8000000000001,6.11764255397058,5.7538539899836
279,27.9000000000001,6.05646612843087,5.69995333572363
280,28.0000000000001,5.99590146714656,5.64651893029347
281,28.1000000000001,5.9359424524751,5.59354756635906
282,28.2000000000001,5.87658302795034,5.54103603955663
283,28.3000000000001,5.81781719767084,5.488981149045
284,28.4000000000001,5.75963902569413,5.43737969804081
285,28.5000000000001,5.70204263543719,5.38622849433694
286,28.6000000000001,5.64502220908282,5.33552435080457
287,28.7000000000001,5.58857198699199,5.28526408587931
288,28.8000000000001,5.53268626712207,5.23544452403164
289,28.9000000000001,5.47735940445085,5.18606249622223
290,29.0000000000001,5.42258581040634,5.13711484034229
291,29.1000000000001,5.36835995230228,5.08859840163951
292,29.2000000000001,5.31467635277926,5.04051003312974
293,29.3000000000001,5.26152958925146,4.99284659599494
294,29.4000000000001,5.20891429335895,4.94560495996756
295,29.5000000000001,5.15682515042536,4.8987820037018
296,29.6000000000002,5.10525689892111,4.85237461513201
297,29.7000000000002,5.05420432993189,4.80637969181858
298,29.8000000000002,5.00366228663258,4.76079414128153
299,29.9000000000002,4.95362566376625,4.71561488132223
300,30.0000000000002,4.90408940712859,4.67083884033344
301,30.1000000000002,4.8550485130573,4.62646295759806
302,30.2000000000002,4.80649802792673,4.58248418357667
303,30.3000000000002,4.75843304764746,4.53889948018441
304,30.4000000000002,4.71084871717099,4.49570582105719
305,30.5000000000002,4.66374022999928,4.45290019180776
306,30.6000000000002,4.61710282769928,4.4104795902716
307,30.7000000000002,4.57093179942229,4.36844102674316
308,30.8000000000002,4.52522248142807,4.32678152420252
309,30.9000000000002,4.47997025661379,4.28549811853275
310,31.0000000000002,4.43517055404765,4.24458785872823
311,31.1000000000002,4.39081884850717,4.20404780709414
312,31.2000000000002,4.3469106600221,4.16387503943733
313,31.3000000000002,4.30344155342188,4.12406664524881
314,31.4000000000002,4.26040713788766,4.08461972787805
315,31.5000000000002,4.21780306650878,4.04553140469937
316,31.6000000000002,4.1756250358437,4.00679880727047
317,31.7000000000002,4.13386878548526,3.96841908148349
318,31.8000000000002,4.09253009763041,3.93038938770868
319,31.9000000000002,4.0516047966541,3.89270690093081
320,32.0000000000002,4.01108874868756,3.85536881087873
321,32.1000000000002,3.97097786120069,3.81837232214803
322,32.2000000000002,3.93126808258868,3.78171465431708
323,32.3000000000002,3.89195540176279,3.74539304205662
324,32.4000000000002,3.85303584774516,3.70940473523312
325,32.5000000000002,3.81450548926771,3.67374699900591
326,32.6000000000002,3.77636043437504,3.63841711391847
327,32.7000000000002,3.73859683003129,3.60341237598385
328,32.8000000000002,3.70121086173097,3.56873009676448
329,32.9000000000002,3.66419875311366,3.5343676034465
330,33.0000000000002,3.62755676558253,3.50032223890871
331,33.1000000000002,3.5912811979267,3.46659136178636
332,33.2000000000002,3.55536838594743,3.4331723465299
333,33.3000000000002,3.51981470208796,3.40006258345878
334,33.4000000000002,3.48461655506708,3.36725947881048
335,33.5000000000002,3.44977038951641,3.33476045478494
336,33.6000000000002,3.41527268562124,3.30256294958441
337,33.7000000000002,3.38111995876503,3.27066441744893
338,33.8000000000002,3.34730875917738,3.2390623286876
339,33.9000000000002,3.31383567158561,3.20775416970563
340,34.0000000000002,3.28069731486975,3.17673744302737
341,34.1000000000002,3.24789034172105,3.14600966731552
342,34.2000000000002,3.21541143830384,3.11556837738642
343,34.3000000000002,3.18325732392081,3.08541112422173
344,34.4000000000002,3.1514247506816,3.0555354749765
345,34.5000000000002,3.11991050317478,3.02593901298379
346,34.6000000000002,3.08871139814303,2.99661933775586
347,34.7000000000002,3.0578242841616,2.96757406498217
348,34.8000000000002,3.02724604131999,2.93880082652415
349,34.9000000000002,2.99697358090679,2.91029727040686
350,35.0000000000002,2.96700384509772,2.88206106080779
351,35.1000000000002,2.93733380664674,2.85408987804262
352,35.2000000000002,2.90796046858027,2.82638141854823
353,35.3000000000002,2.87888086389447,2.79893339486307
354,35.4000000000002,2.85009205525553,2.77174353560475
355,35.5000000000002,2.82159113470297,2.74480958544521
356,35.6000000000002,2.79337522335594,2.71812930508334
357,35.7000000000002,2.76544147112238,2.69170047121523
358,35.8000000000002,2.73778705641116,2.66552087650215
359,35.9000000000002,2.71040918584705,2.63958832953622
360,36.0000000000002,2.68330509398858,2.61390065480396
361,36.1000000000002,2.65647204304869,2.58845569264777
362,36.2000000000002,2.6299073226182,2.5632512992253
363,36.3000000000002,2.60360824939202,2.53828534646698
364,36.4000000000002,2.5775721668981,2.51355572203156
365,36.5000000000002,2.55179644522912,2.48906032925991
366,36.6000000000003,2.52627848077683,2.464797087127
367,36.7000000000003,2.50101569596906,2.44076393019223
368,36.8000000000003,2.47600553900937,2.41695880854808
369,36.9000000000003,2.45124548361928,2.39337968776721
370,37.0000000000003,2.42673302878309,2.37002454884806
371,37.1000000000003,2.40246569849525,2.34689138815893
372,37.2000000000003,2.3784410415103,2.3239782173807
373,37.3000000000003,2.3546566310952,2.30128306344819
374,37.4000000000003,2.33111006478425,2.27880396849018
375,37.5000000000003,2.3077989641364,2.25653898976822
376,37.6000000000003,2.28472097449504,2.23448619961422
377,37.7000000000003,2.26187376475009,2.21264368536688
378,37.8000000000003,2.23925502710259,2.19100954930705
379,37.9000000000003,2.21686247683156,2.16958190859193
380,38.0000000000003,2.19469385206325,2.14835889518841
381,38.1000000000003,2.17274691354262,2.12733865580527
382,38.2000000000003,2.15101944440719,2.10651935182459
383,38.3000000000003,2.12950924996312,2.08589915923217
384,38.4000000000003,2.10821415746349,2.06547626854716
385,38.5000000000003,2.08713201588885,2.04524888475085
386,38.6000000000003,2.06626069572996,2.02521522721472
387,38.7000000000003,2.04559808877266,2.00537352962773
388,38.8000000000003,2.02514210788494,1.9857220399229
389,38.9000000000003,2.00489068680609,1.96625902020329
390,39.0000000000003,1.98484177993803,1.94698274666729
391,39.1000000000003,1.96499336213865,1.92789150953332
392,39.2000000000003,1.94534342851726,1.90898361296404
393,39.3000000000003,1.92588999423209,1.89025737498993
394,39.4000000000003,1.90663109428977,1.87171112743246
395,39.5000000000003,1.88756478334687,1.8533432158267
396,39.6000000000003,1.8686891355134,1.83515199934364
397,39.7000000000003,1.85000224415826,1.8171358507119
398,39.8000000000003,1.83150222171668,1.79929315613925
399,39.9000000000003,1.81318719949952,1.78162231523363
400,40.0000000000003,1.79505532750452,1.76412174092395
401,40.1000000000003,1.77710477422947,1.74678985938052
402,40.2000000000003,1.75933372648718,1.7296251099352
403,40.3000000000003,1.74174038922231,1.71262594500137
404,40.4000000000003,1.72432298533009,1.69579082999356
405,40.5000000000003,1.70707975547678,1.67911824324699
406,40.6000000000003,1.69000895792202,1.66260667593682
407,40.7000000000003,1.6731088683428,1.64625463199731
408,40.8000000000003,1.65637777965937,1.63006062804079
409,40.9000000000003,1.63981400186277,1.61402319327657
410,41.0000000000003,1.62341586184415,1.59814086942966
411,41.1000000000003,1.60718170322571,1.58241221065951
412,41.2000000000003,1.59110988619345,1.56683578347858
413,41.3000000000003,1.57519878733151,1.55141016667094
414,41.4000000000003,1.5594467994582,1.53613395121084
415,41.5000000000003,1.54385233146362,1.5210057401812
416,41.6000000000003,1.52841380814898,1.50602414869221
417,41.7000000000003,1.51312967006749,1.49118780379986
418,41.8000000000003,1.49799837336682,1.47649534442454
419,41.9000000000003,1.48301838963315,1.46194542126971
420,42.0000000000003,1.46818820573682,1.44753669674065
421,42.1000000000003,1.45350632367945,1.43326784486321
422,42.2000000000003,1.43897126044265,1.41913755120274
423,42.3000000000003,1.42458154783823,1.40514451278311
424,42.4000000000003,1.41033573235984,1.39128743800583
425,42.5000000000003,1.39623237503625,1.37756504656931
426,42.6000000000003,1.38227005128588,1.36397606938829
427,42.7000000000003,1.36844735077302,1.35051924851338
428,42.8000000000003,1.35476287726529,1.33719333705084
429,42.9000000000003,1.34121524849264,1.32399709908248
430,43.0000000000003,1.32780309600772,1.31092930958576
431,43.1000000000003,1.31452506504764,1.29798875435412
432,43.2000000000003,1.30137981439716,1.28517422991751
433,43.3000000000003,1.28836601625319,1.27248454346313
434,43.4000000000003,1.27548235609066,1.2599185127564
435,43.5000000000003,1.26272753252975,1.24747496606218
436,43.6000000000004,1.25010025720445,1.23515274206623
437,43.7000000000004,1.23759925463241,1.22295068979695
438,43.8000000000004,1.22522326208609,1.21086766854734
439,43.9000000000004,1.21297102946522,1.19890254779725
440,44.0000000000004,1.20084131917057,1.18705420713596
441,44.1000000000004,1.18883290597887,1.17532153618495
442,44.2000000000004,1.17694457691908,1.16370343452104
443,44.3000000000004,1.16517513114989,1.15219881159981
444,44.4000000000004,1.15352337983839,1.14080658667931
445,44.5000000000004,1.14198814604,1.12952568874411
446,44.6000000000004,1.1305682645796,1.11835505642963
447,44.7000000000004,1.11926258193381,1.10729363794683
448,44.8000000000004,1.10806995611447,1.09634039100723
449,44.9000000000004,1.09698925655333,1.08549428274823
450,45.0000000000004,1.08601936398779,1.0747542896588
451,45.1000000000004,1.07515917034791,1.0641193975055
452,45.2000000000004,1.06440757864444,1.05358860125887
453,45.3000000000004,1.05376350285799,1.04316090502014
454,45.4000000000004,1.04322586782941,1.03283532194831
455,45.5000000000004,1.03279360915112,1.02261087418764
456,45.6000000000004,1.02246567305961,1.0124865927954
457,45.7000000000004,1.01224101632901,1.00246151767009
458,45.8000000000004,1.00211860616572,0.992534697479977
459,45.9000000000004,0.992097420104062,0.982705189592035
460,46.0000000000004,0.982176445903022,0.972972060001234
461,46.1000000000004,0.972354681443991,0.96333438326024
462,46.2000000000004,0.962631134629551,0.953791242409475
463,46.3000000000004,0.953004823283256,0.944341728907581
464,46.4000000000004,0.943474775050423,0.934984942562262
465,46.5000000000004,0.934040027299919,0.925719991461521
466,46.6000000000004,0.92469962702692,0.91654599190529
467,46.7000000000004,0.915452630756651,0.907462068337453
468,46.8000000000004,0.906298104449084,0.898467353278271
469,46.9000000000004,0.897235123404593,0.889560987257196
470,47.0000000000004,0.888262772170547,0.880742118746098
471,47.1000000000004,0.879380144448842,0.872009904092882
472,47.2000000000004,0.870586343004354,0.863363507455512
473,47.3000000000004,0.86188047957431,0.854802100736446
474,47.4000000000004,0.853261674778567,0.84632486351746
475,47.5000000000004,0.844729058030781,0.837930982994896
476,47.6000000000004,0.836281767450473,0.829619653915306
477,47.7000000000004,0.827918949775969,0.821390078511505
478,47.8000000000004,0.819639760278209,0.813241466439034
479,47.9000000000004,0.811443362675427,0.805173034713036
480,48.0000000000004,0.803328929048673,0.797184007645529
481,48.1000000000004,0.795295639758186,0.789273616783105
482,48.2000000000004,0.787342683360604,0.781441100845025
483,48.3000000000004,0.779469256526998,0.773685705661731
484,48.4000000000004,0.771674563961728,0.766006684113766
485,48.5000000000004,0.763957818322111,0.758403296071108
486,48.6000000000004,0.75631824013889,0.750874808332907
487,48.7000000000004,0.748755057737501,0.743420494567638
488,48.8000000000004,0.741267507160126,0.73603963525366
489,48.9000000000004,0.733854832088524,0.728731517620188
490,49.0000000000004,0.726516283767639,0.72149543558867
491,49.1000000000004,0.719251120929963,0.714330689714573
492,49.2000000000004,0.712058609720663,0.707236587129581
493,49.3000000000004,0.704938023623456,0.700212441484196
494,49.4000000000004,0.697888643387222,0.693257572890746
495,49.5000000000004,0.69090975695335,0.686371307866804
496,49.6000000000004,0.684000659383816,0.679552979279001
497,49.7000000000004,0.677160652789978,0.672801926287259
498,49.8000000000004,0.670389046262078,0.666117494289414
499,49.9000000000004,0.663685155799457,0.659499034866246
500,50.0000000000004,0.657048304241463,0.652945905726916
